CREATE TABLE "T_AUTH_CODE"
(
 "ID" VARCHAR2(32) NOT NULL,
 "NAME" VARCHAR2(150) NOT NULL,
 "CODE" VARCHAR2(150) NOT NULL,
 "SHOW_ORDER" NUMBER(10,0) NULL,
 "COMMENTS" VARCHAR2(500) NULL,
 "UNIT_ID" VARCHAR2(32) NOT NULL,
 "STATUS" CHAR(1) NOT NULL,
 "IS_SYSTEM" CHAR(1) NOT NULL,
 "CREATE_USER_ID" VARCHAR2(32) NULL,
 "CREATE_USER_NAME" VARCHAR2(150) NULL,
 "CREATE_TIME" VARCHAR2(20) NULL,
 "UPDATE_USER_ID" VARCHAR2(32) NULL,
 "UPDATE_USER_NAME" VARCHAR2(150) NULL,
 "UPDATE_TIME" VARCHAR2(20) NULL,
 "PARENT_ID" VARCHAR2(32) NULL,
 "PARENT_CODE" VARCHAR2(150) NULL
);

CREATE TABLE "T_AUTH_USER_UG"
(
 "ID" VARCHAR2(32) NOT NULL,
 "USER_ID" VARCHAR2(32) NOT NULL,
 "USERGROUP_ID" VARCHAR2(32) NOT NULL,
 "UNIT_ID" VARCHAR2(32) NOT NULL
);

CREATE TABLE "T_AUTH_VERSION"
(
 "VERSION" NUMBER(10,0) NOT NULL
);

CREATE TABLE "T_AUTH_USERGROUP"
(
 "ID" VARCHAR2(50) NOT NULL,
 "NAME" VARCHAR2(150) NOT NULL,
 "USERGROUP_CODE" VARCHAR2(150) NOT NULL,
 "SHOW_ORDER" NUMBER(10,0) NULL,
 "CREATE_USER_ID" VARCHAR2(32) NULL,
 "CREATE_USER_NAME" VARCHAR2(150) NULL,
 "CREATE_TIME" VARCHAR2(20) NULL,
 "UPDATE_USER_ID" VARCHAR2(32) NULL,
 "UPDATE_USER_NAME" VARCHAR2(150) NULL,
 "UPDATE_TIME" VARCHAR2(20) NULL,
 "UNIT_ID" VARCHAR2(32) NOT NULL,
 "IS_SYSTEM" CHAR(1) NOT NULL
);

CREATE TABLE "T_AUTH_USER"
(
 "USER_ID" VARCHAR2(32) NOT NULL,
 "LOGIN_NAME" VARCHAR2(150) NOT NULL,
 "PASSWORD" VARCHAR2(40) NOT NULL,
 "USER_NAME" VARCHAR2(150) NOT NULL,
 "FLAG_ACTION" CHAR(1) NULL,
 "EMAIL" VARCHAR2(50) NULL,
 "MOBILE" VARCHAR2(20) NULL,
 "TITLE" VARCHAR2(100) NULL,
 "SHOW_ORDER" NUMBER(10,0) NULL,
 "COMMENTS" VARCHAR2(500) NULL,
 "STATION" VARCHAR2(100) NULL,
 "STATUS" CHAR(1) NOT NULL,
 "JOB_NO" VARCHAR2(150) NULL,
 "LAST_LOGIN_DATE" TIMESTAMP(0) NULL,
 "LAST_MODIFY_PSD" TIMESTAMP(0) NULL,
 "FLAG1" VARCHAR2(200) NULL,
 "FLAG2" VARCHAR2(200) NULL,
 "FLAG3" VARCHAR2(200) NULL,
 "FLAG4" VARCHAR2(200) NULL,
 "FLAG5" VARCHAR2(200) NULL,
 "UNIT_ID" VARCHAR2(32) NOT NULL,
 "IS_ADMIN" CHAR(1) NOT NULL,
 "FLAG8" VARCHAR2(200) NULL,
 "FLAG9" VARCHAR2(200) NULL,
 "FLAG10" VARCHAR2(200) NULL,
 "TELEPHONE" VARCHAR2(50) NULL,
 "ABBR" VARCHAR2(100) NULL,
 "CARD_NO" VARCHAR2(50) NULL,
 "SEX" CHAR(1) NULL,
 "AGE" NUMBER(10,6) NULL,
 "BIRTHDAY" TIMESTAMP(6) NULL,
 "URLPATH" VARCHAR2(200) NULL,
 "FLAG6" VARCHAR2(200) NULL,
 "FLAG7" VARCHAR2(200) NULL,
 "CREATE_USER_ID" VARCHAR2(32) NULL,
 "CREATE_USER_NAME" VARCHAR2(150) NULL,
 "CREATE_TIME" VARCHAR2(20) NULL,
 "UPDATE_USER_ID" VARCHAR2(32) NULL,
 "UPDATE_USER_NAME" VARCHAR2(150) NULL,
 "UPDATE_TIME" VARCHAR2(20) NULL,
 "ON_JOB_DATE" VARCHAR2(20) NULL,
 "OFF_JOB_DATE" VARCHAR2(20) NULL,
 "IS_SECOND_ON_JOB" CHAR(1) NULL,
 "POLITICAL" VARCHAR2(10) NULL,
 "IS_SYSTEM" CHAR(1) NOT NULL
);

CREATE TABLE "T_AUTH_SYSLOG"
(
 "ID" VARCHAR2(32) NOT NULL,
 "USER_ID" VARCHAR2(32) NULL,
 "USER_NAME" VARCHAR2(150) NULL,
 "LOG_DATE" VARCHAR2(20) NULL,
 "OPERATE" VARCHAR2(100) NULL,
 "MESSAGE" VARCHAR2(2000) NULL,
 "IP" VARCHAR2(60) NULL,
 "MAC" VARCHAR2(60) NULL,
 "STATUS" CHAR(1) NULL,
 "UNIT_ID" VARCHAR2(32) NULL
);

CREATE TABLE "T_AUTH_ROLE_USER"
(
 "ROLE_ID" VARCHAR2(32) NOT NULL,
 "USER_ID" VARCHAR2(32) NOT NULL,
 "UNIT_ID" VARCHAR2(32) NOT NULL,
 "ROLE_USER_ID" VARCHAR2(32) NOT NULL,
 "IS_TEMP_ACCREDIT" CHAR(1) NULL,
 "TEMP_ACCREDIT_DATE_START" VARCHAR2(20) NULL,
 "TEMP_ACCREDIT_DATE_END" VARCHAR2(20) NULL
);

CREATE TABLE "T_AUTH_ROLE_RESOURCE"
(
 "ROLE_ID" VARCHAR2(32) NOT NULL,
 "RESOURCE_ID" VARCHAR2(32) NOT NULL,
 "UNIT_ID" VARCHAR2(32) NOT NULL,
 "ROLE_RESOURCE_ID" VARCHAR2(32) NOT NULL
);

CREATE TABLE "T_AUTH_ROLECLASSIFICATION"
(
 "ROLECLASSIFICATION_ID" VARCHAR2(32) NOT NULL,
 "NAME" VARCHAR2(150) NOT NULL,
 "PARENT_ID" VARCHAR2(32) NULL,
 "ROLECLASS_KEY" VARCHAR2(150) NOT NULL,
 "COMMENTS" VARCHAR2(500) NULL,
 "SHOW_ORDER" NUMBER(10,0) NULL,
 "UNIT_ID" VARCHAR2(32) NOT NULL,
 "CREATE_USER_ID" VARCHAR2(32) NULL,
 "CREATE_USER_NAME" VARCHAR2(150) NULL,
 "CREATE_TIME" VARCHAR2(20) NULL,
 "UPDATE_USER_ID" VARCHAR2(32) NULL,
 "UPDATE_USER_NAME" VARCHAR2(150) NULL,
 "UPDATE_TIME" VARCHAR2(20) NULL,
 "IS_SYSTEM" CHAR(1) NOT NULL
);

CREATE TABLE "T_AUTH_ROLE"
(
 "ROLE_ID" VARCHAR2(32) NOT NULL,
 "ROLE_NAME" VARCHAR2(150) NOT NULL,
 "COMMENTS" VARCHAR2(500) NULL,
 "ROLE_KEY" VARCHAR2(100) NOT NULL,
 "SHOW_ORDER" NUMBER(10,0) NULL,
 "ROLECLASSIFICATION_ID" VARCHAR2(32) NOT NULL,
 "UNIT_ID" VARCHAR2(32) NULL,
 "CREATE_USER_ID" VARCHAR2(32) NULL,
 "CREATE_USER_NAME" VARCHAR2(150) NULL,
 "CREATE_TIME" VARCHAR2(20) NULL,
 "UPDATE_USER_ID" VARCHAR2(32) NULL,
 "UPDATE_USER_NAME" VARCHAR2(150) NULL,
 "UPDATE_TIME" VARCHAR2(20) NULL,
 "IS_SYSTEM" CHAR(1) NOT NULL
);

CREATE TABLE "T_AUTH_RESOURCE"
(
 "RESOURCE_ID" VARCHAR2(32) NOT NULL,
 "PARENT_ID" VARCHAR2(32) NULL,
 "URL" VARCHAR2(200) NULL,
 "NAME" VARCHAR2(150) NOT NULL,
 "COMMENTS" VARCHAR2(500) NULL,
 "NAVIGATE_URL" VARCHAR2(300) NULL,
 "BUSINESS_URL" VARCHAR2(300) NULL,
 "OTHER_URL" VARCHAR2(300) NULL,
 "USE_FUNCTION" VARCHAR2(300) NULL,
 "RESOURCE_IMG" VARCHAR2(300) NULL,
 "RESOURCEKEY" VARCHAR2(500) NULL,
 "SHOW_ORDER" NUMBER(10,0) NULL,
 "RES_TYPE" CHAR(1) NOT NULL,
 "MODULE_ID" VARCHAR2(200) NULL,
 "SOURCE_FILE" VARCHAR2(200) NULL,
 "CREATE_USER_ID" VARCHAR2(32) NULL,
 "CREATE_USER_NAME" VARCHAR2(150) NULL,
 "CREATE_TIME" VARCHAR2(20) NULL,
 "UPDATE_USER_ID" VARCHAR2(32) NULL,
 "UPDATE_USER_NAME" VARCHAR2(150) NULL,
 "UPDATE_TIME" VARCHAR2(20) NULL,
 "IS_SYSTEM" CHAR(1) NOT NULL,
 "IS_DEFAULT" CHAR(10) NOT NULL
);

CREATE TABLE "T_AUTH_ORG_USER"
(
 "USER_ID" VARCHAR2(32) NOT NULL,
 "ORGANIZE_ID" VARCHAR2(32) NOT NULL,
 "USER_SHOWORDER" NUMBER(10,0) NULL,
 "USERTYPE" CHAR(1) NOT NULL,
 "ORG_USER_ID" VARCHAR2(32) NOT NULL,
 "UNIT_ID" VARCHAR2(32) NOT NULL
);

CREATE TABLE "T_AUTH_ORG"
(
 "ORGANIZE_ID" VARCHAR2(32) NOT NULL,
 "PARENT_ID" VARCHAR2(32) NULL,
 "ORGANIZE_NAME" VARCHAR2(150) NOT NULL,
 "COMMENTS" VARCHAR2(500) NULL,
 "SHOW_ORDER" NUMBER(10,0) NULL,
 "ABBREVIATION" VARCHAR2(150) NULL,
 "ORGANIZE_CODE" VARCHAR2(150) NOT NULL,
 "FLAG1" VARCHAR2(200) NULL,
 "FLAG2" VARCHAR2(200) NULL,
 "FLAG3" VARCHAR2(200) NULL,
 "FLAG4" VARCHAR2(200) NULL,
 "FLAG5" VARCHAR2(200) NULL,
 "FLAG6" VARCHAR2(200) NULL,
 "FLAG7" VARCHAR2(200) NULL,
 "FLAG8" VARCHAR2(200) NULL,
 "FLAG9" VARCHAR2(200) NULL,
 "FLAG10" VARCHAR2(200) NULL,
 "ORGANIZE_TYPE_ID" NUMBER(1,0) NOT NULL,
 "STATUS" CHAR(1) NOT NULL,
 "UNIT_ID" VARCHAR2(32) NOT NULL,
 "CREATE_USER_ID" VARCHAR2(32) NULL,
 "CREATE_USER_NAME" VARCHAR2(150) NULL,
 "CREATE_TIME" VARCHAR2(20) NULL,
 "UPDATE_USER_ID" VARCHAR2(32) NULL,
 "UPDATE_USER_NAME" VARCHAR2(150) NULL,
 "UPDATE_TIME" VARCHAR2(20) NULL,
 "IS_SYSTEM" CHAR(1) NOT NULL
);

CREATE TABLE "T_AUTH_OPERATELOG"
(
 "ID" VARCHAR2(32) NOT NULL,
 "TYPE" VARCHAR2(200) NULL,
 "USER_ID" VARCHAR2(32) NOT NULL,
 "USER_NAME" VARCHAR2(150) NOT NULL,
 "LOG_DATE" VARCHAR2(20) NULL,
 "OPERATE" VARCHAR2(200) NULL,
 "MESSAGE" VARCHAR2(2000) NULL,
 "APPKEY" VARCHAR2(50) NULL,
 "URL" VARCHAR2(500) NULL,
 "NOTE" VARCHAR2(200) NULL,
 "UNIT_ID" VARCHAR2(32) NOT NULL
);

CREATE TABLE "T_AUTH_LOGIN_FAILED_LOG"
(
 "ID" VARCHAR2(32) NOT NULL,
 "LOGIN_NAME" VARCHAR2(150) NULL,
 "LOGIN_IP" VARCHAR2(30) NULL,
 "LOGIN_FAILED_TIME" VARCHAR2(20) NULL
);

CREATE TABLE "T_AUTH_ID_SEQUENCE"
(
 "ID_NAME" VARCHAR2(50) NULL,
 "MAXVAL" NUMBER(10,0) NULL
);

CREATE TABLE "T_AUTH_GENERATOR"
(
 "ID" VARCHAR2(50) NOT NULL,
 "NAME" VARCHAR2(50) NOT NULL,
 "PREFIX" VARCHAR2(20) NULL,
 "SYS_NUMBER" NUMBER(10,0) NULL,
 "SUFFIX" VARCHAR2(20) NULL
);

INSERT INTO "T_AUTH_CODE"("ID","NAME","CODE","SHOW_ORDER","COMMENTS","UNIT_ID","STATUS","IS_SYSTEM","CREATE_USER_ID","CREATE_USER_NAME","CREATE_TIME","UPDATE_USER_ID","UPDATE_USER_NAME","UPDATE_TIME","PARENT_ID","PARENT_CODE") VALUES('-1','编码管理','bmgl',1,'编码管理','-1','0','0',null,null,null,null,null,null,'-2',null);
INSERT INTO "T_AUTH_CODE"("ID","NAME","CODE","SHOW_ORDER","COMMENTS","UNIT_ID","STATUS","IS_SYSTEM","CREATE_USER_ID","CREATE_USER_NAME","CREATE_TIME","UPDATE_USER_ID","UPDATE_USER_NAME","UPDATE_TIME","PARENT_ID","PARENT_CODE") VALUES('1','组织类型','orgType',2,'组织类型','-1','0','0',null,null,null,null,null,null,'-1','bmgl');
INSERT INTO "T_AUTH_CODE"("ID","NAME","CODE","SHOW_ORDER","COMMENTS","UNIT_ID","STATUS","IS_SYSTEM","CREATE_USER_ID","CREATE_USER_NAME","CREATE_TIME","UPDATE_USER_ID","UPDATE_USER_NAME","UPDATE_TIME","PARENT_ID","PARENT_CODE") VALUES('2','单位','1',3,'单位','-1','0','0',null,null,null,null,null,null,'1','orgType');
INSERT INTO "T_AUTH_CODE"("ID","NAME","CODE","SHOW_ORDER","COMMENTS","UNIT_ID","STATUS","IS_SYSTEM","CREATE_USER_ID","CREATE_USER_NAME","CREATE_TIME","UPDATE_USER_ID","UPDATE_USER_NAME","UPDATE_TIME","PARENT_ID","PARENT_CODE") VALUES('3','部门','2',4,'部门','-1','0','0',null,null,null,null,null,null,'1','orgType');
INSERT INTO "T_AUTH_CODE"("ID","NAME","CODE","SHOW_ORDER","COMMENTS","UNIT_ID","STATUS","IS_SYSTEM","CREATE_USER_ID","CREATE_USER_NAME","CREATE_TIME","UPDATE_USER_ID","UPDATE_USER_NAME","UPDATE_TIME","PARENT_ID","PARENT_CODE") VALUES('4','性别','sexData',5,'性别','-1','0','0',null,null,null,null,null,null,'-1','bmgl');
INSERT INTO "T_AUTH_CODE"("ID","NAME","CODE","SHOW_ORDER","COMMENTS","UNIT_ID","STATUS","IS_SYSTEM","CREATE_USER_ID","CREATE_USER_NAME","CREATE_TIME","UPDATE_USER_ID","UPDATE_USER_NAME","UPDATE_TIME","PARENT_ID","PARENT_CODE") VALUES('5','男','1',6,'男','-1','0','0',null,null,null,null,null,null,'4','sexData');
INSERT INTO "T_AUTH_CODE"("ID","NAME","CODE","SHOW_ORDER","COMMENTS","UNIT_ID","STATUS","IS_SYSTEM","CREATE_USER_ID","CREATE_USER_NAME","CREATE_TIME","UPDATE_USER_ID","UPDATE_USER_NAME","UPDATE_TIME","PARENT_ID","PARENT_CODE") VALUES('6','女','0',7,'女','-1','0','0',null,null,null,null,null,null,'4','sexData');
INSERT INTO "T_AUTH_CODE"("ID","NAME","CODE","SHOW_ORDER","COMMENTS","UNIT_ID","STATUS","IS_SYSTEM","CREATE_USER_ID","CREATE_USER_NAME","CREATE_TIME","UPDATE_USER_ID","UPDATE_USER_NAME","UPDATE_TIME","PARENT_ID","PARENT_CODE") VALUES('7','资源类型','resType',8,'资源类型','-1','0','0',null,null,null,null,null,null,'-1','bmgl');
INSERT INTO "T_AUTH_CODE"("ID","NAME","CODE","SHOW_ORDER","COMMENTS","UNIT_ID","STATUS","IS_SYSTEM","CREATE_USER_ID","CREATE_USER_NAME","CREATE_TIME","UPDATE_USER_ID","UPDATE_USER_NAME","UPDATE_TIME","PARENT_ID","PARENT_CODE") VALUES('8','按钮','0',9,'按钮','-1','0','0',null,null,null,null,null,null,'7','resType');
INSERT INTO "T_AUTH_CODE"("ID","NAME","CODE","SHOW_ORDER","COMMENTS","UNIT_ID","STATUS","IS_SYSTEM","CREATE_USER_ID","CREATE_USER_NAME","CREATE_TIME","UPDATE_USER_ID","UPDATE_USER_NAME","UPDATE_TIME","PARENT_ID","PARENT_CODE") VALUES('9','菜单','1',10,'菜单','-1','0','0',null,null,null,null,null,null,'7','resType');
INSERT INTO "T_AUTH_CODE"("ID","NAME","CODE","SHOW_ORDER","COMMENTS","UNIT_ID","STATUS","IS_SYSTEM","CREATE_USER_ID","CREATE_USER_NAME","CREATE_TIME","UPDATE_USER_ID","UPDATE_USER_NAME","UPDATE_TIME","PARENT_ID","PARENT_CODE") VALUES('10','系统','2',11,'系统','-1','0','0',null,null,null,null,null,null,'7','resType');
INSERT INTO "T_AUTH_CODE"("ID","NAME","CODE","SHOW_ORDER","COMMENTS","UNIT_ID","STATUS","IS_SYSTEM","CREATE_USER_ID","CREATE_USER_NAME","CREATE_TIME","UPDATE_USER_ID","UPDATE_USER_NAME","UPDATE_TIME","PARENT_ID","PARENT_CODE") VALUES('11','是或否','yesOrNo',12,'是或否','-1','0','0',null,null,null,null,null,null,'-1','bmgl');
INSERT INTO "T_AUTH_CODE"("ID","NAME","CODE","SHOW_ORDER","COMMENTS","UNIT_ID","STATUS","IS_SYSTEM","CREATE_USER_ID","CREATE_USER_NAME","CREATE_TIME","UPDATE_USER_ID","UPDATE_USER_NAME","UPDATE_TIME","PARENT_ID","PARENT_CODE") VALUES('12','是','0',14,'是','-1','0','0',null,null,null,null,null,null,'11','yesOrNo');
INSERT INTO "T_AUTH_CODE"("ID","NAME","CODE","SHOW_ORDER","COMMENTS","UNIT_ID","STATUS","IS_SYSTEM","CREATE_USER_ID","CREATE_USER_NAME","CREATE_TIME","UPDATE_USER_ID","UPDATE_USER_NAME","UPDATE_TIME","PARENT_ID","PARENT_CODE") VALUES('13','否','1',13,'否','-1','0','0',null,null,null,null,null,null,'11','yesOrNo');
INSERT INTO "T_AUTH_CODE"("ID","NAME","CODE","SHOW_ORDER","COMMENTS","UNIT_ID","STATUS","IS_SYSTEM","CREATE_USER_ID","CREATE_USER_NAME","CREATE_TIME","UPDATE_USER_ID","UPDATE_USER_NAME","UPDATE_TIME","PARENT_ID","PARENT_CODE") VALUES('14','政治面貌','politicalData',15,'政治面貌','-1','0','0',null,null,null,null,null,null,'-1','bmgl');
INSERT INTO "T_AUTH_CODE"("ID","NAME","CODE","SHOW_ORDER","COMMENTS","UNIT_ID","STATUS","IS_SYSTEM","CREATE_USER_ID","CREATE_USER_NAME","CREATE_TIME","UPDATE_USER_ID","UPDATE_USER_NAME","UPDATE_TIME","PARENT_ID","PARENT_CODE") VALUES('15','中共党员','0',18,'中共党员','-1','0','0',null,null,null,null,null,null,'14','politicalData');
INSERT INTO "T_AUTH_CODE"("ID","NAME","CODE","SHOW_ORDER","COMMENTS","UNIT_ID","STATUS","IS_SYSTEM","CREATE_USER_ID","CREATE_USER_NAME","CREATE_TIME","UPDATE_USER_ID","UPDATE_USER_NAME","UPDATE_TIME","PARENT_ID","PARENT_CODE") VALUES('16','共青团员','1',17,'共青团员','-1','0','0',null,null,null,null,null,null,'14','politicalData');
INSERT INTO "T_AUTH_CODE"("ID","NAME","CODE","SHOW_ORDER","COMMENTS","UNIT_ID","STATUS","IS_SYSTEM","CREATE_USER_ID","CREATE_USER_NAME","CREATE_TIME","UPDATE_USER_ID","UPDATE_USER_NAME","UPDATE_TIME","PARENT_ID","PARENT_CODE") VALUES('17','群众','2',16,'群众','-1','0','0',null,null,null,null,null,null,'14','politicalData');
INSERT INTO "T_AUTH_CODE"("ID","NAME","CODE","SHOW_ORDER","COMMENTS","UNIT_ID","STATUS","IS_SYSTEM","CREATE_USER_ID","CREATE_USER_NAME","CREATE_TIME","UPDATE_USER_ID","UPDATE_USER_NAME","UPDATE_TIME","PARENT_ID","PARENT_CODE") VALUES('18','url','3',10,'url','-1','0','0',null,null,null,null,null,null,'7','resType');

INSERT INTO "T_AUTH_VERSION"("VERSION") VALUES(1000);

INSERT INTO "T_AUTH_USERGROUP"("ID","NAME","USERGROUP_CODE","SHOW_ORDER","CREATE_USER_ID","CREATE_USER_NAME","CREATE_TIME","UPDATE_USER_ID","UPDATE_USER_NAME","UPDATE_TIME","UNIT_ID","IS_SYSTEM") VALUES('-1','用户组','-1',0,null,null,null,null,null,null,'-1','0');

INSERT INTO "T_AUTH_USER"("USER_ID","LOGIN_NAME","PASSWORD","USER_NAME","FLAG_ACTION","EMAIL","MOBILE","TITLE","SHOW_ORDER","COMMENTS","STATION","STATUS","JOB_NO","LAST_LOGIN_DATE","LAST_MODIFY_PSD","FLAG1","FLAG2","FLAG3","FLAG4","FLAG5","UNIT_ID","IS_ADMIN","FLAG8","FLAG9","FLAG10","TELEPHONE","ABBR","CARD_NO","SEX","AGE","BIRTHDAY","URLPATH","FLAG6","FLAG7","CREATE_USER_ID","CREATE_USER_NAME","CREATE_TIME","UPDATE_USER_ID","UPDATE_USER_NAME","UPDATE_TIME","ON_JOB_DATE","OFF_JOB_DATE","IS_SECOND_ON_JOB","POLITICAL","IS_SYSTEM") VALUES('1','superadmin','670b14728ad9902aecba32e22fa4f6bd','超级管理员','0','superadmin@cesgroup.com','12345678999','superadmin',1,null,null,'0',null,null,null,null,null,null,null,null,'-1','0',null,null,null,null,null,null,null,null,null,null,null,null,null,null,null,null,null,null,null,null,null,null,'0');

INSERT INTO "T_AUTH_ROLE_USER"("ROLE_ID","USER_ID","UNIT_ID","ROLE_USER_ID","IS_TEMP_ACCREDIT","TEMP_ACCREDIT_DATE_START","TEMP_ACCREDIT_DATE_END") VALUES('1','1','-1','100','1',null,null);

INSERT INTO "T_AUTH_ROLE_RESOURCE"("ROLE_ID","RESOURCE_ID","UNIT_ID","ROLE_RESOURCE_ID") VALUES('1','-1','-1','1');
INSERT INTO "T_AUTH_ROLE_RESOURCE"("ROLE_ID","RESOURCE_ID","UNIT_ID","ROLE_RESOURCE_ID") VALUES('3','1','-1','2');
INSERT INTO "T_AUTH_ROLE_RESOURCE"("ROLE_ID","RESOURCE_ID","UNIT_ID","ROLE_RESOURCE_ID") VALUES('3','2','-1','3');
INSERT INTO "T_AUTH_ROLE_RESOURCE"("ROLE_ID","RESOURCE_ID","UNIT_ID","ROLE_RESOURCE_ID") VALUES('3','14','-1','4');
INSERT INTO "T_AUTH_ROLE_RESOURCE"("ROLE_ID","RESOURCE_ID","UNIT_ID","ROLE_RESOURCE_ID") VALUES('3','15','-1','5');
INSERT INTO "T_AUTH_ROLE_RESOURCE"("ROLE_ID","RESOURCE_ID","UNIT_ID","ROLE_RESOURCE_ID") VALUES('3','16','-1','6');
INSERT INTO "T_AUTH_ROLE_RESOURCE"("ROLE_ID","RESOURCE_ID","UNIT_ID","ROLE_RESOURCE_ID") VALUES('3','17','-1','7');
INSERT INTO "T_AUTH_ROLE_RESOURCE"("ROLE_ID","RESOURCE_ID","UNIT_ID","ROLE_RESOURCE_ID") VALUES('3','18','-1','8');
INSERT INTO "T_AUTH_ROLE_RESOURCE"("ROLE_ID","RESOURCE_ID","UNIT_ID","ROLE_RESOURCE_ID") VALUES('3','19','-1','9');
INSERT INTO "T_AUTH_ROLE_RESOURCE"("ROLE_ID","RESOURCE_ID","UNIT_ID","ROLE_RESOURCE_ID") VALUES('3','20','-1','10');
INSERT INTO "T_AUTH_ROLE_RESOURCE"("ROLE_ID","RESOURCE_ID","UNIT_ID","ROLE_RESOURCE_ID") VALUES('3','21','-1','11');
INSERT INTO "T_AUTH_ROLE_RESOURCE"("ROLE_ID","RESOURCE_ID","UNIT_ID","ROLE_RESOURCE_ID") VALUES('3','22','-1','12');
INSERT INTO "T_AUTH_ROLE_RESOURCE"("ROLE_ID","RESOURCE_ID","UNIT_ID","ROLE_RESOURCE_ID") VALUES('3','23','-1','13');
INSERT INTO "T_AUTH_ROLE_RESOURCE"("ROLE_ID","RESOURCE_ID","UNIT_ID","ROLE_RESOURCE_ID") VALUES('3','24','-1','14');
INSERT INTO "T_AUTH_ROLE_RESOURCE"("ROLE_ID","RESOURCE_ID","UNIT_ID","ROLE_RESOURCE_ID") VALUES('3','75','-1','15');
INSERT INTO "T_AUTH_ROLE_RESOURCE"("ROLE_ID","RESOURCE_ID","UNIT_ID","ROLE_RESOURCE_ID") VALUES('3','76','-1','16');
INSERT INTO "T_AUTH_ROLE_RESOURCE"("ROLE_ID","RESOURCE_ID","UNIT_ID","ROLE_RESOURCE_ID") VALUES('3','77','-1','17');
INSERT INTO "T_AUTH_ROLE_RESOURCE"("ROLE_ID","RESOURCE_ID","UNIT_ID","ROLE_RESOURCE_ID") VALUES('3','78','-1','18');
INSERT INTO "T_AUTH_ROLE_RESOURCE"("ROLE_ID","RESOURCE_ID","UNIT_ID","ROLE_RESOURCE_ID") VALUES('3','79','-1','19');
INSERT INTO "T_AUTH_ROLE_RESOURCE"("ROLE_ID","RESOURCE_ID","UNIT_ID","ROLE_RESOURCE_ID") VALUES('3','3','-1','20');
INSERT INTO "T_AUTH_ROLE_RESOURCE"("ROLE_ID","RESOURCE_ID","UNIT_ID","ROLE_RESOURCE_ID") VALUES('3','25','-1','21');
INSERT INTO "T_AUTH_ROLE_RESOURCE"("ROLE_ID","RESOURCE_ID","UNIT_ID","ROLE_RESOURCE_ID") VALUES('3','26','-1','22');
INSERT INTO "T_AUTH_ROLE_RESOURCE"("ROLE_ID","RESOURCE_ID","UNIT_ID","ROLE_RESOURCE_ID") VALUES('3','27','-1','23');
INSERT INTO "T_AUTH_ROLE_RESOURCE"("ROLE_ID","RESOURCE_ID","UNIT_ID","ROLE_RESOURCE_ID") VALUES('3','28','-1','24');
INSERT INTO "T_AUTH_ROLE_RESOURCE"("ROLE_ID","RESOURCE_ID","UNIT_ID","ROLE_RESOURCE_ID") VALUES('3','29','-1','25');
INSERT INTO "T_AUTH_ROLE_RESOURCE"("ROLE_ID","RESOURCE_ID","UNIT_ID","ROLE_RESOURCE_ID") VALUES('3','30','-1','26');
INSERT INTO "T_AUTH_ROLE_RESOURCE"("ROLE_ID","RESOURCE_ID","UNIT_ID","ROLE_RESOURCE_ID") VALUES('3','62','-1','27');
INSERT INTO "T_AUTH_ROLE_RESOURCE"("ROLE_ID","RESOURCE_ID","UNIT_ID","ROLE_RESOURCE_ID") VALUES('3','64','-1','28');
INSERT INTO "T_AUTH_ROLE_RESOURCE"("ROLE_ID","RESOURCE_ID","UNIT_ID","ROLE_RESOURCE_ID") VALUES('3','5','-1','29');
INSERT INTO "T_AUTH_ROLE_RESOURCE"("ROLE_ID","RESOURCE_ID","UNIT_ID","ROLE_RESOURCE_ID") VALUES('3','31','-1','30');
INSERT INTO "T_AUTH_ROLE_RESOURCE"("ROLE_ID","RESOURCE_ID","UNIT_ID","ROLE_RESOURCE_ID") VALUES('3','32','-1','31');
INSERT INTO "T_AUTH_ROLE_RESOURCE"("ROLE_ID","RESOURCE_ID","UNIT_ID","ROLE_RESOURCE_ID") VALUES('3','33','-1','32');
INSERT INTO "T_AUTH_ROLE_RESOURCE"("ROLE_ID","RESOURCE_ID","UNIT_ID","ROLE_RESOURCE_ID") VALUES('3','34','-1','33');
INSERT INTO "T_AUTH_ROLE_RESOURCE"("ROLE_ID","RESOURCE_ID","UNIT_ID","ROLE_RESOURCE_ID") VALUES('3','35','-1','34');
INSERT INTO "T_AUTH_ROLE_RESOURCE"("ROLE_ID","RESOURCE_ID","UNIT_ID","ROLE_RESOURCE_ID") VALUES('3','36','-1','35');
INSERT INTO "T_AUTH_ROLE_RESOURCE"("ROLE_ID","RESOURCE_ID","UNIT_ID","ROLE_RESOURCE_ID") VALUES('3','69','-1','36');
INSERT INTO "T_AUTH_ROLE_RESOURCE"("ROLE_ID","RESOURCE_ID","UNIT_ID","ROLE_RESOURCE_ID") VALUES('3','70','-1','37');
INSERT INTO "T_AUTH_ROLE_RESOURCE"("ROLE_ID","RESOURCE_ID","UNIT_ID","ROLE_RESOURCE_ID") VALUES('3','71','-1','38');
INSERT INTO "T_AUTH_ROLE_RESOURCE"("ROLE_ID","RESOURCE_ID","UNIT_ID","ROLE_RESOURCE_ID") VALUES('3','72','-1','39');
INSERT INTO "T_AUTH_ROLE_RESOURCE"("ROLE_ID","RESOURCE_ID","UNIT_ID","ROLE_RESOURCE_ID") VALUES('3','8','-1','40');
INSERT INTO "T_AUTH_ROLE_RESOURCE"("ROLE_ID","RESOURCE_ID","UNIT_ID","ROLE_RESOURCE_ID") VALUES('3','46','-1','41');
INSERT INTO "T_AUTH_ROLE_RESOURCE"("ROLE_ID","RESOURCE_ID","UNIT_ID","ROLE_RESOURCE_ID") VALUES('3','47','-1','42');
INSERT INTO "T_AUTH_ROLE_RESOURCE"("ROLE_ID","RESOURCE_ID","UNIT_ID","ROLE_RESOURCE_ID") VALUES('3','48','-1','43');
INSERT INTO "T_AUTH_ROLE_RESOURCE"("ROLE_ID","RESOURCE_ID","UNIT_ID","ROLE_RESOURCE_ID") VALUES('3','49','-1','44');
INSERT INTO "T_AUTH_ROLE_RESOURCE"("ROLE_ID","RESOURCE_ID","UNIT_ID","ROLE_RESOURCE_ID") VALUES('3','50','-1','45');
INSERT INTO "T_AUTH_ROLE_RESOURCE"("ROLE_ID","RESOURCE_ID","UNIT_ID","ROLE_RESOURCE_ID") VALUES('3','59','-1','46');
INSERT INTO "T_AUTH_ROLE_RESOURCE"("ROLE_ID","RESOURCE_ID","UNIT_ID","ROLE_RESOURCE_ID") VALUES('3','61','-1','47');
INSERT INTO "T_AUTH_ROLE_RESOURCE"("ROLE_ID","RESOURCE_ID","UNIT_ID","ROLE_RESOURCE_ID") VALUES('3','9','-1','48');
INSERT INTO "T_AUTH_ROLE_RESOURCE"("ROLE_ID","RESOURCE_ID","UNIT_ID","ROLE_RESOURCE_ID") VALUES('3','51','-1','49');
INSERT INTO "T_AUTH_ROLE_RESOURCE"("ROLE_ID","RESOURCE_ID","UNIT_ID","ROLE_RESOURCE_ID") VALUES('3','52','-1','50');
INSERT INTO "T_AUTH_ROLE_RESOURCE"("ROLE_ID","RESOURCE_ID","UNIT_ID","ROLE_RESOURCE_ID") VALUES('3','53','-1','51');
INSERT INTO "T_AUTH_ROLE_RESOURCE"("ROLE_ID","RESOURCE_ID","UNIT_ID","ROLE_RESOURCE_ID") VALUES('3','80','-1','52');
INSERT INTO "T_AUTH_ROLE_RESOURCE"("ROLE_ID","RESOURCE_ID","UNIT_ID","ROLE_RESOURCE_ID") VALUES('3','10','-1','53');
INSERT INTO "T_AUTH_ROLE_RESOURCE"("ROLE_ID","RESOURCE_ID","UNIT_ID","ROLE_RESOURCE_ID") VALUES('3','54','-1','54');
INSERT INTO "T_AUTH_ROLE_RESOURCE"("ROLE_ID","RESOURCE_ID","UNIT_ID","ROLE_RESOURCE_ID") VALUES('3','55','-1','55');
INSERT INTO "T_AUTH_ROLE_RESOURCE"("ROLE_ID","RESOURCE_ID","UNIT_ID","ROLE_RESOURCE_ID") VALUES('3','56','-1','56');
INSERT INTO "T_AUTH_ROLE_RESOURCE"("ROLE_ID","RESOURCE_ID","UNIT_ID","ROLE_RESOURCE_ID") VALUES('3','57','-1','57');
INSERT INTO "T_AUTH_ROLE_RESOURCE"("ROLE_ID","RESOURCE_ID","UNIT_ID","ROLE_RESOURCE_ID") VALUES('3','73','-1','58');
INSERT INTO "T_AUTH_ROLE_RESOURCE"("ROLE_ID","RESOURCE_ID","UNIT_ID","ROLE_RESOURCE_ID") VALUES('3','74','-1','59');
INSERT INTO "T_AUTH_ROLE_RESOURCE"("ROLE_ID","RESOURCE_ID","UNIT_ID","ROLE_RESOURCE_ID") VALUES('3','12','-1','60');
INSERT INTO "T_AUTH_ROLE_RESOURCE"("ROLE_ID","RESOURCE_ID","UNIT_ID","ROLE_RESOURCE_ID") VALUES('3','6','-1','61');
INSERT INTO "T_AUTH_ROLE_RESOURCE"("ROLE_ID","RESOURCE_ID","UNIT_ID","ROLE_RESOURCE_ID") VALUES('3','42','-1','62');
INSERT INTO "T_AUTH_ROLE_RESOURCE"("ROLE_ID","RESOURCE_ID","UNIT_ID","ROLE_RESOURCE_ID") VALUES('3','43','-1','63');
INSERT INTO "T_AUTH_ROLE_RESOURCE"("ROLE_ID","RESOURCE_ID","UNIT_ID","ROLE_RESOURCE_ID") VALUES('3','7','-1','64');
INSERT INTO "T_AUTH_ROLE_RESOURCE"("ROLE_ID","RESOURCE_ID","UNIT_ID","ROLE_RESOURCE_ID") VALUES('3','44','-1','65');
INSERT INTO "T_AUTH_ROLE_RESOURCE"("ROLE_ID","RESOURCE_ID","UNIT_ID","ROLE_RESOURCE_ID") VALUES('3','45','-1','66');
INSERT INTO "T_AUTH_ROLE_RESOURCE"("ROLE_ID","RESOURCE_ID","UNIT_ID","ROLE_RESOURCE_ID") VALUES('3','81','-1','67');
INSERT INTO "T_AUTH_ROLE_RESOURCE"("ROLE_ID","RESOURCE_ID","UNIT_ID","ROLE_RESOURCE_ID") VALUES('3','82','-1','68');
INSERT INTO "T_AUTH_ROLE_RESOURCE"("ROLE_ID","RESOURCE_ID","UNIT_ID","ROLE_RESOURCE_ID") VALUES('3','83','-1','69');
INSERT INTO "T_AUTH_ROLE_RESOURCE"("ROLE_ID","RESOURCE_ID","UNIT_ID","ROLE_RESOURCE_ID") VALUES('3','84','-1','70');
INSERT INTO "T_AUTH_ROLE_RESOURCE"("ROLE_ID","RESOURCE_ID","UNIT_ID","ROLE_RESOURCE_ID") VALUES('3','85','-1','71');
INSERT INTO "T_AUTH_ROLE_RESOURCE"("ROLE_ID","RESOURCE_ID","UNIT_ID","ROLE_RESOURCE_ID") VALUES('3','86','-1','72');
INSERT INTO "T_AUTH_ROLE_RESOURCE"("ROLE_ID","RESOURCE_ID","UNIT_ID","ROLE_RESOURCE_ID") VALUES('3','87','-1','73');
INSERT INTO "T_AUTH_ROLE_RESOURCE"("ROLE_ID","RESOURCE_ID","UNIT_ID","ROLE_RESOURCE_ID") VALUES('3','88','-1','74');
INSERT INTO "T_AUTH_ROLE_RESOURCE"("ROLE_ID","RESOURCE_ID","UNIT_ID","ROLE_RESOURCE_ID") VALUES('3','89','-1','75');
INSERT INTO "T_AUTH_ROLE_RESOURCE"("ROLE_ID","RESOURCE_ID","UNIT_ID","ROLE_RESOURCE_ID") VALUES('3','90','-1','76');
INSERT INTO "T_AUTH_ROLE_RESOURCE"("ROLE_ID","RESOURCE_ID","UNIT_ID","ROLE_RESOURCE_ID") VALUES('3','91','-1','77');
INSERT INTO "T_AUTH_ROLE_RESOURCE"("ROLE_ID","RESOURCE_ID","UNIT_ID","ROLE_RESOURCE_ID") VALUES('3','92','-1','78');
INSERT INTO "T_AUTH_ROLE_RESOURCE"("ROLE_ID","RESOURCE_ID","UNIT_ID","ROLE_RESOURCE_ID") VALUES('3','93','-1','79');
INSERT INTO "T_AUTH_ROLE_RESOURCE"("ROLE_ID","RESOURCE_ID","UNIT_ID","ROLE_RESOURCE_ID") VALUES('3','94','-1','80');
INSERT INTO "T_AUTH_ROLE_RESOURCE"("ROLE_ID","RESOURCE_ID","UNIT_ID","ROLE_RESOURCE_ID") VALUES('3','95','-1','81');
INSERT INTO "T_AUTH_ROLE_RESOURCE"("ROLE_ID","RESOURCE_ID","UNIT_ID","ROLE_RESOURCE_ID") VALUES('3','96','-1','82');
INSERT INTO "T_AUTH_ROLE_RESOURCE"("ROLE_ID","RESOURCE_ID","UNIT_ID","ROLE_RESOURCE_ID") VALUES('3','97','-1','83');
INSERT INTO "T_AUTH_ROLE_RESOURCE"("ROLE_ID","RESOURCE_ID","UNIT_ID","ROLE_RESOURCE_ID") VALUES('3','98','-1','84');
INSERT INTO "T_AUTH_ROLE_RESOURCE"("ROLE_ID","RESOURCE_ID","UNIT_ID","ROLE_RESOURCE_ID") VALUES('3','99','-1','85');
INSERT INTO "T_AUTH_ROLE_RESOURCE"("ROLE_ID","RESOURCE_ID","UNIT_ID","ROLE_RESOURCE_ID") VALUES('2','88','-1','86');
INSERT INTO "T_AUTH_ROLE_RESOURCE"("ROLE_ID","RESOURCE_ID","UNIT_ID","ROLE_RESOURCE_ID") VALUES('2','89','-1','87');
INSERT INTO "T_AUTH_ROLE_RESOURCE"("ROLE_ID","RESOURCE_ID","UNIT_ID","ROLE_RESOURCE_ID") VALUES('2','98','-1','88');
INSERT INTO "T_AUTH_ROLE_RESOURCE"("ROLE_ID","RESOURCE_ID","UNIT_ID","ROLE_RESOURCE_ID") VALUES('2','99','-1','89');
INSERT INTO "T_AUTH_ROLE_RESOURCE"("ROLE_ID","RESOURCE_ID","UNIT_ID","ROLE_RESOURCE_ID") VALUES('4','88','-1','90');
INSERT INTO "T_AUTH_ROLE_RESOURCE"("ROLE_ID","RESOURCE_ID","UNIT_ID","ROLE_RESOURCE_ID") VALUES('4','89','-1','91');
INSERT INTO "T_AUTH_ROLE_RESOURCE"("ROLE_ID","RESOURCE_ID","UNIT_ID","ROLE_RESOURCE_ID") VALUES('4','98','-1','92');
INSERT INTO "T_AUTH_ROLE_RESOURCE"("ROLE_ID","RESOURCE_ID","UNIT_ID","ROLE_RESOURCE_ID") VALUES('4','99','-1','93');
INSERT INTO "T_AUTH_ROLE_RESOURCE"("ROLE_ID","RESOURCE_ID","UNIT_ID","ROLE_RESOURCE_ID") VALUES('3','100','-1','94');

INSERT INTO "T_AUTH_ROLECLASSIFICATION"("ROLECLASSIFICATION_ID","NAME","PARENT_ID","ROLECLASS_KEY","COMMENTS","SHOW_ORDER","UNIT_ID","CREATE_USER_ID","CREATE_USER_NAME","CREATE_TIME","UPDATE_USER_ID","UPDATE_USER_NAME","UPDATE_TIME","IS_SYSTEM") VALUES('1','默认角色分类','-1','-1.mrjsfl','内置的默认角色分类，不可修改删除。但是可以在它的下面建子分类或者角色。',1,'-1','<!NULL>',null,null,null,null,null,'0');

INSERT INTO "T_AUTH_ROLE"("ROLE_ID","ROLE_NAME","COMMENTS","ROLE_KEY","SHOW_ORDER","ROLECLASSIFICATION_ID","UNIT_ID","CREATE_USER_ID","CREATE_USER_NAME","CREATE_TIME","UPDATE_USER_ID","UPDATE_USER_NAME","UPDATE_TIME","IS_SYSTEM") VALUES('1','超级管理员',null,'superrole',null,'-1','-1',null,null,null,null,null,null,'0');
INSERT INTO "T_AUTH_ROLE"("ROLE_ID","ROLE_NAME","COMMENTS","ROLE_KEY","SHOW_ORDER","ROLECLASSIFICATION_ID","UNIT_ID","CREATE_USER_ID","CREATE_USER_NAME","CREATE_TIME","UPDATE_USER_ID","UPDATE_USER_NAME","UPDATE_TIME","IS_SYSTEM") VALUES('3','单位系统管理员','内置的单位系统管理员角色，相当于各个单位的超级管理员。不可修改删除。','unitsysrole',null,'-1','-1',null,null,null,null,null,null,'0');
INSERT INTO "T_AUTH_ROLE"("ROLE_ID","ROLE_NAME","COMMENTS","ROLE_KEY","SHOW_ORDER","ROLECLASSIFICATION_ID","UNIT_ID","CREATE_USER_ID","CREATE_USER_NAME","CREATE_TIME","UPDATE_USER_ID","UPDATE_USER_NAME","UPDATE_TIME","IS_SYSTEM") VALUES('2','默认角色','新增用户时会默认赋予默认角色, 可配置一些通用的权限。可授予系统管理的资源。不可修改删除。','defaultrole',null,'1','-1',null,null,null,null,null,null,'0');
INSERT INTO "T_AUTH_ROLE"("ROLE_ID","ROLE_NAME","COMMENTS","ROLE_KEY","SHOW_ORDER","ROLECLASSIFICATION_ID","UNIT_ID","CREATE_USER_ID","CREATE_USER_NAME","CREATE_TIME","UPDATE_USER_ID","UPDATE_USER_NAME","UPDATE_TIME","IS_SYSTEM") VALUES('4','演示角色','内置的一个空角色，可任由用户处理。可以授予系统管理的资源。不可修改删除。','demorole',null,'1','-1',null,null,null,null,null,null,'0');

INSERT INTO "T_AUTH_RESOURCE"("RESOURCE_ID","PARENT_ID","URL","NAME","COMMENTS","NAVIGATE_URL","BUSINESS_URL","OTHER_URL","USE_FUNCTION","RESOURCE_IMG","RESOURCEKEY","SHOW_ORDER","RES_TYPE","MODULE_ID","SOURCE_FILE","CREATE_USER_ID","CREATE_USER_NAME","CREATE_TIME","UPDATE_USER_ID","UPDATE_USER_NAME","UPDATE_TIME","IS_SYSTEM","IS_DEFAULT") VALUES('-1',null,'','资源信息',null,null,null,null,null,null,null,0,'0',null,null,null,null,null,null,null,null,'0','1');
INSERT INTO "T_AUTH_RESOURCE"("RESOURCE_ID","PARENT_ID","URL","NAME","COMMENTS","NAVIGATE_URL","BUSINESS_URL","OTHER_URL","USE_FUNCTION","RESOURCE_IMG","RESOURCEKEY","SHOW_ORDER","RES_TYPE","MODULE_ID","SOURCE_FILE","CREATE_USER_ID","CREATE_USER_NAME","CREATE_TIME","UPDATE_USER_ID","UPDATE_USER_NAME","UPDATE_TIME","IS_SYSTEM","IS_DEFAULT") VALUES('3','1','/auth/org','组织管理',null,null,null,null,null,null,null,3,'1',null,null,null,null,null,null,null,null,'0','1');
INSERT INTO "T_AUTH_RESOURCE"("RESOURCE_ID","PARENT_ID","URL","NAME","COMMENTS","NAVIGATE_URL","BUSINESS_URL","OTHER_URL","USE_FUNCTION","RESOURCE_IMG","RESOURCEKEY","SHOW_ORDER","RES_TYPE","MODULE_ID","SOURCE_FILE","CREATE_USER_ID","CREATE_USER_NAME","CREATE_TIME","UPDATE_USER_ID","UPDATE_USER_NAME","UPDATE_TIME","IS_SYSTEM","IS_DEFAULT") VALUES('4','1','/auth/resource','资源管理',null,null,null,null,null,null,null,4,'1',null,null,null,null,null,null,null,null,'0','1');
INSERT INTO "T_AUTH_RESOURCE"("RESOURCE_ID","PARENT_ID","URL","NAME","COMMENTS","NAVIGATE_URL","BUSINESS_URL","OTHER_URL","USE_FUNCTION","RESOURCE_IMG","RESOURCEKEY","SHOW_ORDER","RES_TYPE","MODULE_ID","SOURCE_FILE","CREATE_USER_ID","CREATE_USER_NAME","CREATE_TIME","UPDATE_USER_ID","UPDATE_USER_NAME","UPDATE_TIME","IS_SYSTEM","IS_DEFAULT") VALUES('5','1','/auth/role','角色管理',null,null,null,null,null,null,null,5,'1',null,null,null,null,null,null,null,null,'0','1');
INSERT INTO "T_AUTH_RESOURCE"("RESOURCE_ID","PARENT_ID","URL","NAME","COMMENTS","NAVIGATE_URL","BUSINESS_URL","OTHER_URL","USE_FUNCTION","RESOURCE_IMG","RESOURCEKEY","SHOW_ORDER","RES_TYPE","MODULE_ID","SOURCE_FILE","CREATE_USER_ID","CREATE_USER_NAME","CREATE_TIME","UPDATE_USER_ID","UPDATE_USER_NAME","UPDATE_TIME","IS_SYSTEM","IS_DEFAULT") VALUES('6','12','/auth/log/sysLog','登录日志',null,null,null,null,null,null,null,6,'1',null,null,null,null,null,null,null,null,'0','1');
INSERT INTO "T_AUTH_RESOURCE"("RESOURCE_ID","PARENT_ID","URL","NAME","COMMENTS","NAVIGATE_URL","BUSINESS_URL","OTHER_URL","USE_FUNCTION","RESOURCE_IMG","RESOURCEKEY","SHOW_ORDER","RES_TYPE","MODULE_ID","SOURCE_FILE","CREATE_USER_ID","CREATE_USER_NAME","CREATE_TIME","UPDATE_USER_ID","UPDATE_USER_NAME","UPDATE_TIME","IS_SYSTEM","IS_DEFAULT") VALUES('7','12','/auth/log/operateLog','操作日志',null,null,null,null,null,null,null,7,'1',null,null,null,null,null,null,null,null,'0','1');
INSERT INTO "T_AUTH_RESOURCE"("RESOURCE_ID","PARENT_ID","URL","NAME","COMMENTS","NAVIGATE_URL","BUSINESS_URL","OTHER_URL","USE_FUNCTION","RESOURCE_IMG","RESOURCEKEY","SHOW_ORDER","RES_TYPE","MODULE_ID","SOURCE_FILE","CREATE_USER_ID","CREATE_USER_NAME","CREATE_TIME","UPDATE_USER_ID","UPDATE_USER_NAME","UPDATE_TIME","IS_SYSTEM","IS_DEFAULT") VALUES('8','1','/auth/code','编码维护',null,null,null,null,null,null,null,8,'1',null,null,null,null,null,null,null,null,'0','1');
INSERT INTO "T_AUTH_RESOURCE"("RESOURCE_ID","PARENT_ID","URL","NAME","COMMENTS","NAVIGATE_URL","BUSINESS_URL","OTHER_URL","USE_FUNCTION","RESOURCE_IMG","RESOURCEKEY","SHOW_ORDER","RES_TYPE","MODULE_ID","SOURCE_FILE","CREATE_USER_ID","CREATE_USER_NAME","CREATE_TIME","UPDATE_USER_ID","UPDATE_USER_NAME","UPDATE_TIME","IS_SYSTEM","IS_DEFAULT") VALUES('9','1','/auth/unitChange','单位调度',null,null,null,null,null,null,null,9,'1',null,null,null,null,null,null,null,null,'0','1');
INSERT INTO "T_AUTH_RESOURCE"("RESOURCE_ID","PARENT_ID","URL","NAME","COMMENTS","NAVIGATE_URL","BUSINESS_URL","OTHER_URL","USE_FUNCTION","RESOURCE_IMG","RESOURCEKEY","SHOW_ORDER","RES_TYPE","MODULE_ID","SOURCE_FILE","CREATE_USER_ID","CREATE_USER_NAME","CREATE_TIME","UPDATE_USER_ID","UPDATE_USER_NAME","UPDATE_TIME","IS_SYSTEM","IS_DEFAULT") VALUES('10','1','/auth/roleclassification','角色分类管理',null,null,null,null,null,null,null,10,'1',null,null,null,null,null,null,null,null,'0','1');
INSERT INTO "T_AUTH_RESOURCE"("RESOURCE_ID","PARENT_ID","URL","NAME","COMMENTS","NAVIGATE_URL","BUSINESS_URL","OTHER_URL","USE_FUNCTION","RESOURCE_IMG","RESOURCEKEY","SHOW_ORDER","RES_TYPE","MODULE_ID","SOURCE_FILE","CREATE_USER_ID","CREATE_USER_NAME","CREATE_TIME","UPDATE_USER_ID","UPDATE_USER_NAME","UPDATE_TIME","IS_SYSTEM","IS_DEFAULT") VALUES('2','1','/auth/user','用户管理',null,null,null,null,null,null,null,2,'1',null,null,null,null,null,null,null,null,'0','1');
INSERT INTO "T_AUTH_RESOURCE"("RESOURCE_ID","PARENT_ID","URL","NAME","COMMENTS","NAVIGATE_URL","BUSINESS_URL","OTHER_URL","USE_FUNCTION","RESOURCE_IMG","RESOURCEKEY","SHOW_ORDER","RES_TYPE","MODULE_ID","SOURCE_FILE","CREATE_USER_ID","CREATE_USER_NAME","CREATE_TIME","UPDATE_USER_ID","UPDATE_USER_NAME","UPDATE_TIME","IS_SYSTEM","IS_DEFAULT") VALUES('12','1','/auth/log','日志管理',null,null,null,null,null,null,null,12,'1',null,null,null,null,null,null,null,null,'0','1');
INSERT INTO "T_AUTH_RESOURCE"("RESOURCE_ID","PARENT_ID","URL","NAME","COMMENTS","NAVIGATE_URL","BUSINESS_URL","OTHER_URL","USE_FUNCTION","RESOURCE_IMG","RESOURCEKEY","SHOW_ORDER","RES_TYPE","MODULE_ID","SOURCE_FILE","CREATE_USER_ID","CREATE_USER_NAME","CREATE_TIME","UPDATE_USER_ID","UPDATE_USER_NAME","UPDATE_TIME","IS_SYSTEM","IS_DEFAULT") VALUES('13','1','/auth/config','配置管理',null,null,null,null,null,null,null,13,'1',null,null,null,null,null,null,null,null,'0','1');
INSERT INTO "T_AUTH_RESOURCE"("RESOURCE_ID","PARENT_ID","URL","NAME","COMMENTS","NAVIGATE_URL","BUSINESS_URL","OTHER_URL","USE_FUNCTION","RESOURCE_IMG","RESOURCEKEY","SHOW_ORDER","RES_TYPE","MODULE_ID","SOURCE_FILE","CREATE_USER_ID","CREATE_USER_NAME","CREATE_TIME","UPDATE_USER_ID","UPDATE_USER_NAME","UPDATE_TIME","IS_SYSTEM","IS_DEFAULT") VALUES('1','-1','/auth','系统管理',null,null,null,null,null,null,null,1,'2',null,null,null,null,null,null,null,null,'0','1');
INSERT INTO "T_AUTH_RESOURCE"("RESOURCE_ID","PARENT_ID","URL","NAME","COMMENTS","NAVIGATE_URL","BUSINESS_URL","OTHER_URL","USE_FUNCTION","RESOURCE_IMG","RESOURCEKEY","SHOW_ORDER","RES_TYPE","MODULE_ID","SOURCE_FILE","CREATE_USER_ID","CREATE_USER_NAME","CREATE_TIME","UPDATE_USER_ID","UPDATE_USER_NAME","UPDATE_TIME","IS_SYSTEM","IS_DEFAULT") VALUES('19','2','/auth/user/changeOrg','改变组织',null,null,null,null,null,null,null,19,'0',null,null,null,null,null,null,null,null,'0','1');
INSERT INTO "T_AUTH_RESOURCE"("RESOURCE_ID","PARENT_ID","URL","NAME","COMMENTS","NAVIGATE_URL","BUSINESS_URL","OTHER_URL","USE_FUNCTION","RESOURCE_IMG","RESOURCEKEY","SHOW_ORDER","RES_TYPE","MODULE_ID","SOURCE_FILE","CREATE_USER_ID","CREATE_USER_NAME","CREATE_TIME","UPDATE_USER_ID","UPDATE_USER_NAME","UPDATE_TIME","IS_SYSTEM","IS_DEFAULT") VALUES('20','2','/auth/user/partTimeJob','兼职',null,null,null,null,null,null,null,20,'0',null,null,null,null,null,null,null,null,'0','1');
INSERT INTO "T_AUTH_RESOURCE"("RESOURCE_ID","PARENT_ID","URL","NAME","COMMENTS","NAVIGATE_URL","BUSINESS_URL","OTHER_URL","USE_FUNCTION","RESOURCE_IMG","RESOURCEKEY","SHOW_ORDER","RES_TYPE","MODULE_ID","SOURCE_FILE","CREATE_USER_ID","CREATE_USER_NAME","CREATE_TIME","UPDATE_USER_ID","UPDATE_USER_NAME","UPDATE_TIME","IS_SYSTEM","IS_DEFAULT") VALUES('21','2','/auth/user/removePartTimeJob','撤销兼职',null,null,null,null,null,null,null,21,'0',null,null,null,null,null,null,null,null,'0','1');
INSERT INTO "T_AUTH_RESOURCE"("RESOURCE_ID","PARENT_ID","URL","NAME","COMMENTS","NAVIGATE_URL","BUSINESS_URL","OTHER_URL","USE_FUNCTION","RESOURCE_IMG","RESOURCEKEY","SHOW_ORDER","RES_TYPE","MODULE_ID","SOURCE_FILE","CREATE_USER_ID","CREATE_USER_NAME","CREATE_TIME","UPDATE_USER_ID","UPDATE_USER_NAME","UPDATE_TIME","IS_SYSTEM","IS_DEFAULT") VALUES('22','2','/auth/user/initPassword','初始化密码',null,null,null,null,null,null,null,22,'0',null,null,null,null,null,null,null,null,'0','1');
INSERT INTO "T_AUTH_RESOURCE"("RESOURCE_ID","PARENT_ID","URL","NAME","COMMENTS","NAVIGATE_URL","BUSINESS_URL","OTHER_URL","USE_FUNCTION","RESOURCE_IMG","RESOURCEKEY","SHOW_ORDER","RES_TYPE","MODULE_ID","SOURCE_FILE","CREATE_USER_ID","CREATE_USER_NAME","CREATE_TIME","UPDATE_USER_ID","UPDATE_USER_NAME","UPDATE_TIME","IS_SYSTEM","IS_DEFAULT") VALUES('23','2','/auth/user/changePassword','修改密码',null,null,null,null,null,null,null,23,'0',null,null,null,null,null,null,null,null,'0','1');
INSERT INTO "T_AUTH_RESOURCE"("RESOURCE_ID","PARENT_ID","URL","NAME","COMMENTS","NAVIGATE_URL","BUSINESS_URL","OTHER_URL","USE_FUNCTION","RESOURCE_IMG","RESOURCEKEY","SHOW_ORDER","RES_TYPE","MODULE_ID","SOURCE_FILE","CREATE_USER_ID","CREATE_USER_NAME","CREATE_TIME","UPDATE_USER_ID","UPDATE_USER_NAME","UPDATE_TIME","IS_SYSTEM","IS_DEFAULT") VALUES('14','2','/auth/user/getUserPage','列表',null,null,null,null,null,null,null,14,'0',null,null,null,null,null,null,null,null,'0','1');
INSERT INTO "T_AUTH_RESOURCE"("RESOURCE_ID","PARENT_ID","URL","NAME","COMMENTS","NAVIGATE_URL","BUSINESS_URL","OTHER_URL","USE_FUNCTION","RESOURCE_IMG","RESOURCEKEY","SHOW_ORDER","RES_TYPE","MODULE_ID","SOURCE_FILE","CREATE_USER_ID","CREATE_USER_NAME","CREATE_TIME","UPDATE_USER_ID","UPDATE_USER_NAME","UPDATE_TIME","IS_SYSTEM","IS_DEFAULT") VALUES('15','2','/auth/user/create','新增',null,null,null,null,null,null,null,15,'0',null,null,null,null,null,null,null,null,'0','1');
INSERT INTO "T_AUTH_RESOURCE"("RESOURCE_ID","PARENT_ID","URL","NAME","COMMENTS","NAVIGATE_URL","BUSINESS_URL","OTHER_URL","USE_FUNCTION","RESOURCE_IMG","RESOURCEKEY","SHOW_ORDER","RES_TYPE","MODULE_ID","SOURCE_FILE","CREATE_USER_ID","CREATE_USER_NAME","CREATE_TIME","UPDATE_USER_ID","UPDATE_USER_NAME","UPDATE_TIME","IS_SYSTEM","IS_DEFAULT") VALUES('16','2','/auth/user/update','修改',null,null,null,null,null,null,null,16,'0',null,null,null,null,null,null,null,null,'0','1');
INSERT INTO "T_AUTH_RESOURCE"("RESOURCE_ID","PARENT_ID","URL","NAME","COMMENTS","NAVIGATE_URL","BUSINESS_URL","OTHER_URL","USE_FUNCTION","RESOURCE_IMG","RESOURCEKEY","SHOW_ORDER","RES_TYPE","MODULE_ID","SOURCE_FILE","CREATE_USER_ID","CREATE_USER_NAME","CREATE_TIME","UPDATE_USER_ID","UPDATE_USER_NAME","UPDATE_TIME","IS_SYSTEM","IS_DEFAULT") VALUES('17','2','/auth/user/delete','删除',null,null,null,null,null,null,null,17,'0',null,null,null,null,null,null,null,null,'0','1');
INSERT INTO "T_AUTH_RESOURCE"("RESOURCE_ID","PARENT_ID","URL","NAME","COMMENTS","NAVIGATE_URL","BUSINESS_URL","OTHER_URL","USE_FUNCTION","RESOURCE_IMG","RESOURCEKEY","SHOW_ORDER","RES_TYPE","MODULE_ID","SOURCE_FILE","CREATE_USER_ID","CREATE_USER_NAME","CREATE_TIME","UPDATE_USER_ID","UPDATE_USER_NAME","UPDATE_TIME","IS_SYSTEM","IS_DEFAULT") VALUES('18','2','/auth/user/accreditRole','授予角色',null,null,null,null,null,null,null,18,'0',null,null,null,null,null,null,null,null,'0','1');
INSERT INTO "T_AUTH_RESOURCE"("RESOURCE_ID","PARENT_ID","URL","NAME","COMMENTS","NAVIGATE_URL","BUSINESS_URL","OTHER_URL","USE_FUNCTION","RESOURCE_IMG","RESOURCEKEY","SHOW_ORDER","RES_TYPE","MODULE_ID","SOURCE_FILE","CREATE_USER_ID","CREATE_USER_NAME","CREATE_TIME","UPDATE_USER_ID","UPDATE_USER_NAME","UPDATE_TIME","IS_SYSTEM","IS_DEFAULT") VALUES('24','2','/auth/user/renewOldToNew','恢复用户',null,null,null,null,null,null,null,24,'0',null,null,null,null,null,null,null,null,'0','1');
INSERT INTO "T_AUTH_RESOURCE"("RESOURCE_ID","PARENT_ID","URL","NAME","COMMENTS","NAVIGATE_URL","BUSINESS_URL","OTHER_URL","USE_FUNCTION","RESOURCE_IMG","RESOURCEKEY","SHOW_ORDER","RES_TYPE","MODULE_ID","SOURCE_FILE","CREATE_USER_ID","CREATE_USER_NAME","CREATE_TIME","UPDATE_USER_ID","UPDATE_USER_NAME","UPDATE_TIME","IS_SYSTEM","IS_DEFAULT") VALUES('25','3','/auth/org/create','新增',null,null,null,null,null,null,null,25,'0',null,null,null,null,null,null,null,null,'0','1');
INSERT INTO "T_AUTH_RESOURCE"("RESOURCE_ID","PARENT_ID","URL","NAME","COMMENTS","NAVIGATE_URL","BUSINESS_URL","OTHER_URL","USE_FUNCTION","RESOURCE_IMG","RESOURCEKEY","SHOW_ORDER","RES_TYPE","MODULE_ID","SOURCE_FILE","CREATE_USER_ID","CREATE_USER_NAME","CREATE_TIME","UPDATE_USER_ID","UPDATE_USER_NAME","UPDATE_TIME","IS_SYSTEM","IS_DEFAULT") VALUES('26','3','/auth/org/update','修改',null,null,null,null,null,null,null,26,'0',null,null,null,null,null,null,null,null,'0','1');
INSERT INTO "T_AUTH_RESOURCE"("RESOURCE_ID","PARENT_ID","URL","NAME","COMMENTS","NAVIGATE_URL","BUSINESS_URL","OTHER_URL","USE_FUNCTION","RESOURCE_IMG","RESOURCEKEY","SHOW_ORDER","RES_TYPE","MODULE_ID","SOURCE_FILE","CREATE_USER_ID","CREATE_USER_NAME","CREATE_TIME","UPDATE_USER_ID","UPDATE_USER_NAME","UPDATE_TIME","IS_SYSTEM","IS_DEFAULT") VALUES('27','3','/auth/org/delete','删除',null,null,null,null,null,null,null,27,'0',null,null,null,null,null,null,null,null,'0','1');
INSERT INTO "T_AUTH_RESOURCE"("RESOURCE_ID","PARENT_ID","URL","NAME","COMMENTS","NAVIGATE_URL","BUSINESS_URL","OTHER_URL","USE_FUNCTION","RESOURCE_IMG","RESOURCEKEY","SHOW_ORDER","RES_TYPE","MODULE_ID","SOURCE_FILE","CREATE_USER_ID","CREATE_USER_NAME","CREATE_TIME","UPDATE_USER_ID","UPDATE_USER_NAME","UPDATE_TIME","IS_SYSTEM","IS_DEFAULT") VALUES('28','3','/auth/org/moveOrg','移动组织',null,null,null,null,null,null,null,28,'0',null,null,null,null,null,null,null,null,'0','1');
INSERT INTO "T_AUTH_RESOURCE"("RESOURCE_ID","PARENT_ID","URL","NAME","COMMENTS","NAVIGATE_URL","BUSINESS_URL","OTHER_URL","USE_FUNCTION","RESOURCE_IMG","RESOURCEKEY","SHOW_ORDER","RES_TYPE","MODULE_ID","SOURCE_FILE","CREATE_USER_ID","CREATE_USER_NAME","CREATE_TIME","UPDATE_USER_ID","UPDATE_USER_NAME","UPDATE_TIME","IS_SYSTEM","IS_DEFAULT") VALUES('29','3','/auth/org/mergeOrg','组织合并',null,null,null,null,null,null,null,29,'0',null,null,null,null,null,null,null,null,'0','1');
INSERT INTO "T_AUTH_RESOURCE"("RESOURCE_ID","PARENT_ID","URL","NAME","COMMENTS","NAVIGATE_URL","BUSINESS_URL","OTHER_URL","USE_FUNCTION","RESOURCE_IMG","RESOURCEKEY","SHOW_ORDER","RES_TYPE","MODULE_ID","SOURCE_FILE","CREATE_USER_ID","CREATE_USER_NAME","CREATE_TIME","UPDATE_USER_ID","UPDATE_USER_NAME","UPDATE_TIME","IS_SYSTEM","IS_DEFAULT") VALUES('30','3','/auth/org/page','列表',null,null,null,null,null,null,null,30,'0',null,null,null,null,null,null,null,null,'0','1');
INSERT INTO "T_AUTH_RESOURCE"("RESOURCE_ID","PARENT_ID","URL","NAME","COMMENTS","NAVIGATE_URL","BUSINESS_URL","OTHER_URL","USE_FUNCTION","RESOURCE_IMG","RESOURCEKEY","SHOW_ORDER","RES_TYPE","MODULE_ID","SOURCE_FILE","CREATE_USER_ID","CREATE_USER_NAME","CREATE_TIME","UPDATE_USER_ID","UPDATE_USER_NAME","UPDATE_TIME","IS_SYSTEM","IS_DEFAULT") VALUES('31','5','/auth/role/page','列表',null,null,null,null,null,null,null,31,'0',null,null,null,null,null,null,null,null,'0','1');
INSERT INTO "T_AUTH_RESOURCE"("RESOURCE_ID","PARENT_ID","URL","NAME","COMMENTS","NAVIGATE_URL","BUSINESS_URL","OTHER_URL","USE_FUNCTION","RESOURCE_IMG","RESOURCEKEY","SHOW_ORDER","RES_TYPE","MODULE_ID","SOURCE_FILE","CREATE_USER_ID","CREATE_USER_NAME","CREATE_TIME","UPDATE_USER_ID","UPDATE_USER_NAME","UPDATE_TIME","IS_SYSTEM","IS_DEFAULT") VALUES('32','5','/auth/role/create','新增',null,null,null,null,null,null,null,32,'0',null,null,null,null,null,null,null,null,'0','1');
INSERT INTO "T_AUTH_RESOURCE"("RESOURCE_ID","PARENT_ID","URL","NAME","COMMENTS","NAVIGATE_URL","BUSINESS_URL","OTHER_URL","USE_FUNCTION","RESOURCE_IMG","RESOURCEKEY","SHOW_ORDER","RES_TYPE","MODULE_ID","SOURCE_FILE","CREATE_USER_ID","CREATE_USER_NAME","CREATE_TIME","UPDATE_USER_ID","UPDATE_USER_NAME","UPDATE_TIME","IS_SYSTEM","IS_DEFAULT") VALUES('33','5','/auth/role/update','修改',null,null,null,null,null,null,null,33,'0',null,null,null,null,null,null,null,null,'0','1');
INSERT INTO "T_AUTH_RESOURCE"("RESOURCE_ID","PARENT_ID","URL","NAME","COMMENTS","NAVIGATE_URL","BUSINESS_URL","OTHER_URL","USE_FUNCTION","RESOURCE_IMG","RESOURCEKEY","SHOW_ORDER","RES_TYPE","MODULE_ID","SOURCE_FILE","CREATE_USER_ID","CREATE_USER_NAME","CREATE_TIME","UPDATE_USER_ID","UPDATE_USER_NAME","UPDATE_TIME","IS_SYSTEM","IS_DEFAULT") VALUES('34','5','/auth/role/delete','删除',null,null,null,null,null,null,null,34,'0',null,null,null,null,null,null,null,null,'0','1');
INSERT INTO "T_AUTH_RESOURCE"("RESOURCE_ID","PARENT_ID","URL","NAME","COMMENTS","NAVIGATE_URL","BUSINESS_URL","OTHER_URL","USE_FUNCTION","RESOURCE_IMG","RESOURCEKEY","SHOW_ORDER","RES_TYPE","MODULE_ID","SOURCE_FILE","CREATE_USER_ID","CREATE_USER_NAME","CREATE_TIME","UPDATE_USER_ID","UPDATE_USER_NAME","UPDATE_TIME","IS_SYSTEM","IS_DEFAULT") VALUES('35','5','/auth/role/grantResource','授予资源',null,null,null,null,null,null,null,35,'0',null,null,null,null,null,null,null,null,'0','1');
INSERT INTO "T_AUTH_RESOURCE"("RESOURCE_ID","PARENT_ID","URL","NAME","COMMENTS","NAVIGATE_URL","BUSINESS_URL","OTHER_URL","USE_FUNCTION","RESOURCE_IMG","RESOURCEKEY","SHOW_ORDER","RES_TYPE","MODULE_ID","SOURCE_FILE","CREATE_USER_ID","CREATE_USER_NAME","CREATE_TIME","UPDATE_USER_ID","UPDATE_USER_NAME","UPDATE_TIME","IS_SYSTEM","IS_DEFAULT") VALUES('36','5','/auth/role/grantUser','授予用户',null,null,null,null,null,null,null,36,'0',null,null,null,null,null,null,null,null,'0','1');
INSERT INTO "T_AUTH_RESOURCE"("RESOURCE_ID","PARENT_ID","URL","NAME","COMMENTS","NAVIGATE_URL","BUSINESS_URL","OTHER_URL","USE_FUNCTION","RESOURCE_IMG","RESOURCEKEY","SHOW_ORDER","RES_TYPE","MODULE_ID","SOURCE_FILE","CREATE_USER_ID","CREATE_USER_NAME","CREATE_TIME","UPDATE_USER_ID","UPDATE_USER_NAME","UPDATE_TIME","IS_SYSTEM","IS_DEFAULT") VALUES('37','4','/auth/resource/page','列表',null,null,null,null,null,null,null,37,'0',null,null,null,null,null,null,null,null,'0','1');
INSERT INTO "T_AUTH_RESOURCE"("RESOURCE_ID","PARENT_ID","URL","NAME","COMMENTS","NAVIGATE_URL","BUSINESS_URL","OTHER_URL","USE_FUNCTION","RESOURCE_IMG","RESOURCEKEY","SHOW_ORDER","RES_TYPE","MODULE_ID","SOURCE_FILE","CREATE_USER_ID","CREATE_USER_NAME","CREATE_TIME","UPDATE_USER_ID","UPDATE_USER_NAME","UPDATE_TIME","IS_SYSTEM","IS_DEFAULT") VALUES('38','4','/auth/resource/create','新增',null,null,null,null,null,null,null,38,'0',null,null,null,null,null,null,null,null,'0','1');
INSERT INTO "T_AUTH_RESOURCE"("RESOURCE_ID","PARENT_ID","URL","NAME","COMMENTS","NAVIGATE_URL","BUSINESS_URL","OTHER_URL","USE_FUNCTION","RESOURCE_IMG","RESOURCEKEY","SHOW_ORDER","RES_TYPE","MODULE_ID","SOURCE_FILE","CREATE_USER_ID","CREATE_USER_NAME","CREATE_TIME","UPDATE_USER_ID","UPDATE_USER_NAME","UPDATE_TIME","IS_SYSTEM","IS_DEFAULT") VALUES('39','4','/auth/resource/update','修改',null,null,null,null,null,null,null,39,'0',null,null,null,null,null,null,null,null,'0','1');
INSERT INTO "T_AUTH_RESOURCE"("RESOURCE_ID","PARENT_ID","URL","NAME","COMMENTS","NAVIGATE_URL","BUSINESS_URL","OTHER_URL","USE_FUNCTION","RESOURCE_IMG","RESOURCEKEY","SHOW_ORDER","RES_TYPE","MODULE_ID","SOURCE_FILE","CREATE_USER_ID","CREATE_USER_NAME","CREATE_TIME","UPDATE_USER_ID","UPDATE_USER_NAME","UPDATE_TIME","IS_SYSTEM","IS_DEFAULT") VALUES('40','4','/auth/resource/delete','删除',null,null,null,null,null,null,null,40,'0',null,null,null,null,null,null,null,null,'0','1');
INSERT INTO "T_AUTH_RESOURCE"("RESOURCE_ID","PARENT_ID","URL","NAME","COMMENTS","NAVIGATE_URL","BUSINESS_URL","OTHER_URL","USE_FUNCTION","RESOURCE_IMG","RESOURCEKEY","SHOW_ORDER","RES_TYPE","MODULE_ID","SOURCE_FILE","CREATE_USER_ID","CREATE_USER_NAME","CREATE_TIME","UPDATE_USER_ID","UPDATE_USER_NAME","UPDATE_TIME","IS_SYSTEM","IS_DEFAULT") VALUES('41','4','/auth/resource/moveResource','移动资源',null,null,null,null,null,null,null,41,'0',null,null,null,null,null,null,null,null,'0','1');
INSERT INTO "T_AUTH_RESOURCE"("RESOURCE_ID","PARENT_ID","URL","NAME","COMMENTS","NAVIGATE_URL","BUSINESS_URL","OTHER_URL","USE_FUNCTION","RESOURCE_IMG","RESOURCEKEY","SHOW_ORDER","RES_TYPE","MODULE_ID","SOURCE_FILE","CREATE_USER_ID","CREATE_USER_NAME","CREATE_TIME","UPDATE_USER_ID","UPDATE_USER_NAME","UPDATE_TIME","IS_SYSTEM","IS_DEFAULT") VALUES('42','6','/auth/log/sysLog/page','列表',null,null,null,null,null,null,null,42,'0',null,null,null,null,null,null,null,null,'0','1');
INSERT INTO "T_AUTH_RESOURCE"("RESOURCE_ID","PARENT_ID","URL","NAME","COMMENTS","NAVIGATE_URL","BUSINESS_URL","OTHER_URL","USE_FUNCTION","RESOURCE_IMG","RESOURCEKEY","SHOW_ORDER","RES_TYPE","MODULE_ID","SOURCE_FILE","CREATE_USER_ID","CREATE_USER_NAME","CREATE_TIME","UPDATE_USER_ID","UPDATE_USER_NAME","UPDATE_TIME","IS_SYSTEM","IS_DEFAULT") VALUES('43','6','/auth/log/sysLog/export','导出日志',null,null,null,null,null,null,null,43,'0',null,null,null,null,null,null,null,null,'0','1');
INSERT INTO "T_AUTH_RESOURCE"("RESOURCE_ID","PARENT_ID","URL","NAME","COMMENTS","NAVIGATE_URL","BUSINESS_URL","OTHER_URL","USE_FUNCTION","RESOURCE_IMG","RESOURCEKEY","SHOW_ORDER","RES_TYPE","MODULE_ID","SOURCE_FILE","CREATE_USER_ID","CREATE_USER_NAME","CREATE_TIME","UPDATE_USER_ID","UPDATE_USER_NAME","UPDATE_TIME","IS_SYSTEM","IS_DEFAULT") VALUES('44','7','/auth/log/operateLog/page','列表',null,null,null,null,null,null,null,44,'0',null,null,null,null,null,null,null,null,'0','1');
INSERT INTO "T_AUTH_RESOURCE"("RESOURCE_ID","PARENT_ID","URL","NAME","COMMENTS","NAVIGATE_URL","BUSINESS_URL","OTHER_URL","USE_FUNCTION","RESOURCE_IMG","RESOURCEKEY","SHOW_ORDER","RES_TYPE","MODULE_ID","SOURCE_FILE","CREATE_USER_ID","CREATE_USER_NAME","CREATE_TIME","UPDATE_USER_ID","UPDATE_USER_NAME","UPDATE_TIME","IS_SYSTEM","IS_DEFAULT") VALUES('45','7','/auth/log/operateLog/export','导出日志',null,null,null,null,null,null,null,45,'0',null,null,null,null,null,null,null,null,'0','1');
INSERT INTO "T_AUTH_RESOURCE"("RESOURCE_ID","PARENT_ID","URL","NAME","COMMENTS","NAVIGATE_URL","BUSINESS_URL","OTHER_URL","USE_FUNCTION","RESOURCE_IMG","RESOURCEKEY","SHOW_ORDER","RES_TYPE","MODULE_ID","SOURCE_FILE","CREATE_USER_ID","CREATE_USER_NAME","CREATE_TIME","UPDATE_USER_ID","UPDATE_USER_NAME","UPDATE_TIME","IS_SYSTEM","IS_DEFAULT") VALUES('46','8','/auth/code/page','列表',null,null,null,null,null,null,null,46,'0',null,null,null,null,null,null,null,null,'0','1');
INSERT INTO "T_AUTH_RESOURCE"("RESOURCE_ID","PARENT_ID","URL","NAME","COMMENTS","NAVIGATE_URL","BUSINESS_URL","OTHER_URL","USE_FUNCTION","RESOURCE_IMG","RESOURCEKEY","SHOW_ORDER","RES_TYPE","MODULE_ID","SOURCE_FILE","CREATE_USER_ID","CREATE_USER_NAME","CREATE_TIME","UPDATE_USER_ID","UPDATE_USER_NAME","UPDATE_TIME","IS_SYSTEM","IS_DEFAULT") VALUES('47','8','/auth/code/create','新增',null,null,null,null,null,null,null,47,'0',null,null,null,null,null,null,null,null,'0','1');
INSERT INTO "T_AUTH_RESOURCE"("RESOURCE_ID","PARENT_ID","URL","NAME","COMMENTS","NAVIGATE_URL","BUSINESS_URL","OTHER_URL","USE_FUNCTION","RESOURCE_IMG","RESOURCEKEY","SHOW_ORDER","RES_TYPE","MODULE_ID","SOURCE_FILE","CREATE_USER_ID","CREATE_USER_NAME","CREATE_TIME","UPDATE_USER_ID","UPDATE_USER_NAME","UPDATE_TIME","IS_SYSTEM","IS_DEFAULT") VALUES('48','8','/auth/code/update','修改',null,null,null,null,null,null,null,48,'0',null,null,null,null,null,null,null,null,'0','1');
INSERT INTO "T_AUTH_RESOURCE"("RESOURCE_ID","PARENT_ID","URL","NAME","COMMENTS","NAVIGATE_URL","BUSINESS_URL","OTHER_URL","USE_FUNCTION","RESOURCE_IMG","RESOURCEKEY","SHOW_ORDER","RES_TYPE","MODULE_ID","SOURCE_FILE","CREATE_USER_ID","CREATE_USER_NAME","CREATE_TIME","UPDATE_USER_ID","UPDATE_USER_NAME","UPDATE_TIME","IS_SYSTEM","IS_DEFAULT") VALUES('49','8','/auth/code/delete','删除',null,null,null,null,null,null,null,49,'0',null,null,null,null,null,null,null,null,'0','1');
INSERT INTO "T_AUTH_RESOURCE"("RESOURCE_ID","PARENT_ID","URL","NAME","COMMENTS","NAVIGATE_URL","BUSINESS_URL","OTHER_URL","USE_FUNCTION","RESOURCE_IMG","RESOURCEKEY","SHOW_ORDER","RES_TYPE","MODULE_ID","SOURCE_FILE","CREATE_USER_ID","CREATE_USER_NAME","CREATE_TIME","UPDATE_USER_ID","UPDATE_USER_NAME","UPDATE_TIME","IS_SYSTEM","IS_DEFAULT") VALUES('50','8','/auth/code/updateStatus','启用停用',null,null,null,null,null,null,null,50,'0',null,null,null,null,null,null,null,null,'0','1');
INSERT INTO "T_AUTH_RESOURCE"("RESOURCE_ID","PARENT_ID","URL","NAME","COMMENTS","NAVIGATE_URL","BUSINESS_URL","OTHER_URL","USE_FUNCTION","RESOURCE_IMG","RESOURCEKEY","SHOW_ORDER","RES_TYPE","MODULE_ID","SOURCE_FILE","CREATE_USER_ID","CREATE_USER_NAME","CREATE_TIME","UPDATE_USER_ID","UPDATE_USER_NAME","UPDATE_TIME","IS_SYSTEM","IS_DEFAULT") VALUES('51','9','/auth/unitChange/getUserPage','列表',null,null,null,null,null,null,null,51,'0',null,null,null,null,null,null,null,null,'0','1');
INSERT INTO "T_AUTH_RESOURCE"("RESOURCE_ID","PARENT_ID","URL","NAME","COMMENTS","NAVIGATE_URL","BUSINESS_URL","OTHER_URL","USE_FUNCTION","RESOURCE_IMG","RESOURCEKEY","SHOW_ORDER","RES_TYPE","MODULE_ID","SOURCE_FILE","CREATE_USER_ID","CREATE_USER_NAME","CREATE_TIME","UPDATE_USER_ID","UPDATE_USER_NAME","UPDATE_TIME","IS_SYSTEM","IS_DEFAULT") VALUES('52','9','/auth/unitChange/changeOrg','改变组织',null,null,null,null,null,null,null,52,'0',null,null,null,null,null,null,null,null,'0','1');
INSERT INTO "T_AUTH_RESOURCE"("RESOURCE_ID","PARENT_ID","URL","NAME","COMMENTS","NAVIGATE_URL","BUSINESS_URL","OTHER_URL","USE_FUNCTION","RESOURCE_IMG","RESOURCEKEY","SHOW_ORDER","RES_TYPE","MODULE_ID","SOURCE_FILE","CREATE_USER_ID","CREATE_USER_NAME","CREATE_TIME","UPDATE_USER_ID","UPDATE_USER_NAME","UPDATE_TIME","IS_SYSTEM","IS_DEFAULT") VALUES('53','9','/auth/unitChange/partTimeJob','兼职',null,null,null,null,null,null,null,53,'0',null,null,null,null,null,null,null,null,'0','1');
INSERT INTO "T_AUTH_RESOURCE"("RESOURCE_ID","PARENT_ID","URL","NAME","COMMENTS","NAVIGATE_URL","BUSINESS_URL","OTHER_URL","USE_FUNCTION","RESOURCE_IMG","RESOURCEKEY","SHOW_ORDER","RES_TYPE","MODULE_ID","SOURCE_FILE","CREATE_USER_ID","CREATE_USER_NAME","CREATE_TIME","UPDATE_USER_ID","UPDATE_USER_NAME","UPDATE_TIME","IS_SYSTEM","IS_DEFAULT") VALUES('54','10','/auth/roleclassification/page','列表',null,null,null,null,null,null,null,54,'0',null,null,null,null,null,null,null,null,'0','1');
INSERT INTO "T_AUTH_RESOURCE"("RESOURCE_ID","PARENT_ID","URL","NAME","COMMENTS","NAVIGATE_URL","BUSINESS_URL","OTHER_URL","USE_FUNCTION","RESOURCE_IMG","RESOURCEKEY","SHOW_ORDER","RES_TYPE","MODULE_ID","SOURCE_FILE","CREATE_USER_ID","CREATE_USER_NAME","CREATE_TIME","UPDATE_USER_ID","UPDATE_USER_NAME","UPDATE_TIME","IS_SYSTEM","IS_DEFAULT") VALUES('55','10','/auth/roleclassification/create','新增',null,null,null,null,null,null,null,55,'0',null,null,null,null,null,null,null,null,'0','1');
INSERT INTO "T_AUTH_RESOURCE"("RESOURCE_ID","PARENT_ID","URL","NAME","COMMENTS","NAVIGATE_URL","BUSINESS_URL","OTHER_URL","USE_FUNCTION","RESOURCE_IMG","RESOURCEKEY","SHOW_ORDER","RES_TYPE","MODULE_ID","SOURCE_FILE","CREATE_USER_ID","CREATE_USER_NAME","CREATE_TIME","UPDATE_USER_ID","UPDATE_USER_NAME","UPDATE_TIME","IS_SYSTEM","IS_DEFAULT") VALUES('56','10','/auth/roleclassification/update','修改',null,null,null,null,null,null,null,56,'0',null,null,null,null,null,null,null,null,'0','1');
INSERT INTO "T_AUTH_RESOURCE"("RESOURCE_ID","PARENT_ID","URL","NAME","COMMENTS","NAVIGATE_URL","BUSINESS_URL","OTHER_URL","USE_FUNCTION","RESOURCE_IMG","RESOURCEKEY","SHOW_ORDER","RES_TYPE","MODULE_ID","SOURCE_FILE","CREATE_USER_ID","CREATE_USER_NAME","CREATE_TIME","UPDATE_USER_ID","UPDATE_USER_NAME","UPDATE_TIME","IS_SYSTEM","IS_DEFAULT") VALUES('57','10','/auth/roleclassification/delete','删除',null,null,null,null,null,null,null,57,'0',null,null,null,null,null,null,null,null,'0','1');
INSERT INTO "T_AUTH_RESOURCE"("RESOURCE_ID","PARENT_ID","URL","NAME","COMMENTS","NAVIGATE_URL","BUSINESS_URL","OTHER_URL","USE_FUNCTION","RESOURCE_IMG","RESOURCEKEY","SHOW_ORDER","RES_TYPE","MODULE_ID","SOURCE_FILE","CREATE_USER_ID","CREATE_USER_NAME","CREATE_TIME","UPDATE_USER_ID","UPDATE_USER_NAME","UPDATE_TIME","IS_SYSTEM","IS_DEFAULT") VALUES('59','8','/auth/code/getAsyncCodeTree','加载左侧树',null,null,null,null,null,null,null,59,'0',null,null,null,null,null,null,null,null,'0','1');
INSERT INTO "T_AUTH_RESOURCE"("RESOURCE_ID","PARENT_ID","URL","NAME","COMMENTS","NAVIGATE_URL","BUSINESS_URL","OTHER_URL","USE_FUNCTION","RESOURCE_IMG","RESOURCEKEY","SHOW_ORDER","RES_TYPE","MODULE_ID","SOURCE_FILE","CREATE_USER_ID","CREATE_USER_NAME","CREATE_TIME","UPDATE_USER_ID","UPDATE_USER_NAME","UPDATE_TIME","IS_SYSTEM","IS_DEFAULT") VALUES('61','8','/auth/code/load','加载对象',null,null,null,null,null,null,null,61,'0',null,null,null,null,null,null,null,null,'0','1');
INSERT INTO "T_AUTH_RESOURCE"("RESOURCE_ID","PARENT_ID","URL","NAME","COMMENTS","NAVIGATE_URL","BUSINESS_URL","OTHER_URL","USE_FUNCTION","RESOURCE_IMG","RESOURCEKEY","SHOW_ORDER","RES_TYPE","MODULE_ID","SOURCE_FILE","CREATE_USER_ID","CREATE_USER_NAME","CREATE_TIME","UPDATE_USER_ID","UPDATE_USER_NAME","UPDATE_TIME","IS_SYSTEM","IS_DEFAULT") VALUES('62','3','/auth/org/getLeftOrgSyncTree','加载左侧树',null,null,null,null,null,null,null,62,'0',null,null,null,null,null,null,null,null,'0','1');
INSERT INTO "T_AUTH_RESOURCE"("RESOURCE_ID","PARENT_ID","URL","NAME","COMMENTS","NAVIGATE_URL","BUSINESS_URL","OTHER_URL","USE_FUNCTION","RESOURCE_IMG","RESOURCEKEY","SHOW_ORDER","RES_TYPE","MODULE_ID","SOURCE_FILE","CREATE_USER_ID","CREATE_USER_NAME","CREATE_TIME","UPDATE_USER_ID","UPDATE_USER_NAME","UPDATE_TIME","IS_SYSTEM","IS_DEFAULT") VALUES('64','3','/auth/org/load','加载对象',null,null,null,null,null,null,null,64,'0',null,null,null,null,null,null,null,null,'0','1');
INSERT INTO "T_AUTH_RESOURCE"("RESOURCE_ID","PARENT_ID","URL","NAME","COMMENTS","NAVIGATE_URL","BUSINESS_URL","OTHER_URL","USE_FUNCTION","RESOURCE_IMG","RESOURCEKEY","SHOW_ORDER","RES_TYPE","MODULE_ID","SOURCE_FILE","CREATE_USER_ID","CREATE_USER_NAME","CREATE_TIME","UPDATE_USER_ID","UPDATE_USER_NAME","UPDATE_TIME","IS_SYSTEM","IS_DEFAULT") VALUES('65','4','/auth/resource/load','加载对象',null,null,null,null,null,null,null,65,'0',null,null,null,null,null,null,null,null,'0','1');
INSERT INTO "T_AUTH_RESOURCE"("RESOURCE_ID","PARENT_ID","URL","NAME","COMMENTS","NAVIGATE_URL","BUSINESS_URL","OTHER_URL","USE_FUNCTION","RESOURCE_IMG","RESOURCEKEY","SHOW_ORDER","RES_TYPE","MODULE_ID","SOURCE_FILE","CREATE_USER_ID","CREATE_USER_NAME","CREATE_TIME","UPDATE_USER_ID","UPDATE_USER_NAME","UPDATE_TIME","IS_SYSTEM","IS_DEFAULT") VALUES('67','4','/auth/resource/loadMoveResourceTree','加载移动资源树',null,null,null,null,null,null,null,67,'0',null,null,null,null,null,null,null,null,'0','1');
INSERT INTO "T_AUTH_RESOURCE"("RESOURCE_ID","PARENT_ID","URL","NAME","COMMENTS","NAVIGATE_URL","BUSINESS_URL","OTHER_URL","USE_FUNCTION","RESOURCE_IMG","RESOURCEKEY","SHOW_ORDER","RES_TYPE","MODULE_ID","SOURCE_FILE","CREATE_USER_ID","CREATE_USER_NAME","CREATE_TIME","UPDATE_USER_ID","UPDATE_USER_NAME","UPDATE_TIME","IS_SYSTEM","IS_DEFAULT") VALUES('68','4','/auth/resource/getLeftSyncResourceTree','加载左侧树',null,null,null,null,null,null,null,68,'0',null,null,null,null,null,null,null,null,'0','1');
INSERT INTO "T_AUTH_RESOURCE"("RESOURCE_ID","PARENT_ID","URL","NAME","COMMENTS","NAVIGATE_URL","BUSINESS_URL","OTHER_URL","USE_FUNCTION","RESOURCE_IMG","RESOURCEKEY","SHOW_ORDER","RES_TYPE","MODULE_ID","SOURCE_FILE","CREATE_USER_ID","CREATE_USER_NAME","CREATE_TIME","UPDATE_USER_ID","UPDATE_USER_NAME","UPDATE_TIME","IS_SYSTEM","IS_DEFAULT") VALUES('69','5','/auth/role/load','加载对象',null,null,null,null,null,null,null,69,'0',null,null,null,null,null,null,null,null,'0','1');
INSERT INTO "T_AUTH_RESOURCE"("RESOURCE_ID","PARENT_ID","URL","NAME","COMMENTS","NAVIGATE_URL","BUSINESS_URL","OTHER_URL","USE_FUNCTION","RESOURCE_IMG","RESOURCEKEY","SHOW_ORDER","RES_TYPE","MODULE_ID","SOURCE_FILE","CREATE_USER_ID","CREATE_USER_NAME","CREATE_TIME","UPDATE_USER_ID","UPDATE_USER_NAME","UPDATE_TIME","IS_SYSTEM","IS_DEFAULT") VALUES('70','5','/auth/role/loadOrgUserTree','加载授予用户树',null,null,null,null,null,null,null,70,'0',null,null,null,null,null,null,null,null,'0','1');
INSERT INTO "T_AUTH_RESOURCE"("RESOURCE_ID","PARENT_ID","URL","NAME","COMMENTS","NAVIGATE_URL","BUSINESS_URL","OTHER_URL","USE_FUNCTION","RESOURCE_IMG","RESOURCEKEY","SHOW_ORDER","RES_TYPE","MODULE_ID","SOURCE_FILE","CREATE_USER_ID","CREATE_USER_NAME","CREATE_TIME","UPDATE_USER_ID","UPDATE_USER_NAME","UPDATE_TIME","IS_SYSTEM","IS_DEFAULT") VALUES('71','5','/auth/role/loadRoleResourceTree','加载授予资源树',null,null,null,null,null,null,null,71,'0',null,null,null,null,null,null,null,null,'0','1');
INSERT INTO "T_AUTH_RESOURCE"("RESOURCE_ID","PARENT_ID","URL","NAME","COMMENTS","NAVIGATE_URL","BUSINESS_URL","OTHER_URL","USE_FUNCTION","RESOURCE_IMG","RESOURCEKEY","SHOW_ORDER","RES_TYPE","MODULE_ID","SOURCE_FILE","CREATE_USER_ID","CREATE_USER_NAME","CREATE_TIME","UPDATE_USER_ID","UPDATE_USER_NAME","UPDATE_TIME","IS_SYSTEM","IS_DEFAULT") VALUES('72','5','/auth/role/getLeftRoleClassificationSyncTree','加载左侧树',null,null,null,null,null,null,null,72,'0',null,null,null,null,null,null,null,null,'0','1');
INSERT INTO "T_AUTH_RESOURCE"("RESOURCE_ID","PARENT_ID","URL","NAME","COMMENTS","NAVIGATE_URL","BUSINESS_URL","OTHER_URL","USE_FUNCTION","RESOURCE_IMG","RESOURCEKEY","SHOW_ORDER","RES_TYPE","MODULE_ID","SOURCE_FILE","CREATE_USER_ID","CREATE_USER_NAME","CREATE_TIME","UPDATE_USER_ID","UPDATE_USER_NAME","UPDATE_TIME","IS_SYSTEM","IS_DEFAULT") VALUES('73','10','/auth/roleclassification/getLeftRoleClassificationSyncTree','加载左侧树',null,null,null,null,null,null,null,73,'0',null,null,null,null,null,null,null,null,'0','1');
INSERT INTO "T_AUTH_RESOURCE"("RESOURCE_ID","PARENT_ID","URL","NAME","COMMENTS","NAVIGATE_URL","BUSINESS_URL","OTHER_URL","USE_FUNCTION","RESOURCE_IMG","RESOURCEKEY","SHOW_ORDER","RES_TYPE","MODULE_ID","SOURCE_FILE","CREATE_USER_ID","CREATE_USER_NAME","CREATE_TIME","UPDATE_USER_ID","UPDATE_USER_NAME","UPDATE_TIME","IS_SYSTEM","IS_DEFAULT") VALUES('74','10','/auth/roleclassification/load','加载对象',null,null,null,null,null,null,null,74,'0',null,null,null,null,null,null,null,null,'0','1');
INSERT INTO "T_AUTH_RESOURCE"("RESOURCE_ID","PARENT_ID","URL","NAME","COMMENTS","NAVIGATE_URL","BUSINESS_URL","OTHER_URL","USE_FUNCTION","RESOURCE_IMG","RESOURCEKEY","SHOW_ORDER","RES_TYPE","MODULE_ID","SOURCE_FILE","CREATE_USER_ID","CREATE_USER_NAME","CREATE_TIME","UPDATE_USER_ID","UPDATE_USER_NAME","UPDATE_TIME","IS_SYSTEM","IS_DEFAULT") VALUES('75','2','/auth/user/updateOldUser','修改老用户',null,null,null,null,null,null,null,75,'0',null,null,null,null,null,null,null,null,'0','1');
INSERT INTO "T_AUTH_RESOURCE"("RESOURCE_ID","PARENT_ID","URL","NAME","COMMENTS","NAVIGATE_URL","BUSINESS_URL","OTHER_URL","USE_FUNCTION","RESOURCE_IMG","RESOURCEKEY","SHOW_ORDER","RES_TYPE","MODULE_ID","SOURCE_FILE","CREATE_USER_ID","CREATE_USER_NAME","CREATE_TIME","UPDATE_USER_ID","UPDATE_USER_NAME","UPDATE_TIME","IS_SYSTEM","IS_DEFAULT") VALUES('76','2','/auth/user/resumeUser','恢复用户(新增时)',null,null,null,null,null,null,null,76,'0',null,null,null,null,null,null,null,null,'0','1');
INSERT INTO "T_AUTH_RESOURCE"("RESOURCE_ID","PARENT_ID","URL","NAME","COMMENTS","NAVIGATE_URL","BUSINESS_URL","OTHER_URL","USE_FUNCTION","RESOURCE_IMG","RESOURCEKEY","SHOW_ORDER","RES_TYPE","MODULE_ID","SOURCE_FILE","CREATE_USER_ID","CREATE_USER_NAME","CREATE_TIME","UPDATE_USER_ID","UPDATE_USER_NAME","UPDATE_TIME","IS_SYSTEM","IS_DEFAULT") VALUES('77','2','/auth/user/getAccreditRoleTree','加载授予角色树',null,null,null,null,null,null,null,77,'0',null,null,null,null,null,null,null,null,'0','1');
INSERT INTO "T_AUTH_RESOURCE"("RESOURCE_ID","PARENT_ID","URL","NAME","COMMENTS","NAVIGATE_URL","BUSINESS_URL","OTHER_URL","USE_FUNCTION","RESOURCE_IMG","RESOURCEKEY","SHOW_ORDER","RES_TYPE","MODULE_ID","SOURCE_FILE","CREATE_USER_ID","CREATE_USER_NAME","CREATE_TIME","UPDATE_USER_ID","UPDATE_USER_NAME","UPDATE_TIME","IS_SYSTEM","IS_DEFAULT") VALUES('78','2','/auth/user/upload','上传',null,null,null,null,null,null,null,78,'0',null,null,null,null,null,null,null,null,'0','1');
INSERT INTO "T_AUTH_RESOURCE"("RESOURCE_ID","PARENT_ID","URL","NAME","COMMENTS","NAVIGATE_URL","BUSINESS_URL","OTHER_URL","USE_FUNCTION","RESOURCE_IMG","RESOURCEKEY","SHOW_ORDER","RES_TYPE","MODULE_ID","SOURCE_FILE","CREATE_USER_ID","CREATE_USER_NAME","CREATE_TIME","UPDATE_USER_ID","UPDATE_USER_NAME","UPDATE_TIME","IS_SYSTEM","IS_DEFAULT") VALUES('79','2','/auth/user/getLeftOrgSyncTree','加载左侧树',null,null,null,null,null,null,null,79,'0',null,null,null,null,null,null,null,null,'0','1');
INSERT INTO "T_AUTH_RESOURCE"("RESOURCE_ID","PARENT_ID","URL","NAME","COMMENTS","NAVIGATE_URL","BUSINESS_URL","OTHER_URL","USE_FUNCTION","RESOURCE_IMG","RESOURCEKEY","SHOW_ORDER","RES_TYPE","MODULE_ID","SOURCE_FILE","CREATE_USER_ID","CREATE_USER_NAME","CREATE_TIME","UPDATE_USER_ID","UPDATE_USER_NAME","UPDATE_TIME","IS_SYSTEM","IS_DEFAULT") VALUES('80','9','/auth/unitChange/getUnitChangeTree','加载左侧树',null,null,null,null,null,null,null,80,'0',null,null,null,null,null,null,null,null,'0','1');
INSERT INTO "T_AUTH_RESOURCE"("RESOURCE_ID","PARENT_ID","URL","NAME","COMMENTS","NAVIGATE_URL","BUSINESS_URL","OTHER_URL","USE_FUNCTION","RESOURCE_IMG","RESOURCEKEY","SHOW_ORDER","RES_TYPE","MODULE_ID","SOURCE_FILE","CREATE_USER_ID","CREATE_USER_NAME","CREATE_TIME","UPDATE_USER_ID","UPDATE_USER_NAME","UPDATE_TIME","IS_SYSTEM","IS_DEFAULT") VALUES('81','2','/auth/user/load','加载对象',null,null,null,null,null,null,null,81,'0',null,null,null,null,null,null,null,null,'0','1');
INSERT INTO "T_AUTH_RESOURCE"("RESOURCE_ID","PARENT_ID","URL","NAME","COMMENTS","NAVIGATE_URL","BUSINESS_URL","OTHER_URL","USE_FUNCTION","RESOURCE_IMG","RESOURCEKEY","SHOW_ORDER","RES_TYPE","MODULE_ID","SOURCE_FILE","CREATE_USER_ID","CREATE_USER_NAME","CREATE_TIME","UPDATE_USER_ID","UPDATE_USER_NAME","UPDATE_TIME","IS_SYSTEM","IS_DEFAULT") VALUES('82','2','/auth/user/page','老用户列表',null,null,null,null,null,null,null,82,'0',null,null,null,null,null,null,null,null,'0','1');
INSERT INTO "T_AUTH_RESOURCE"("RESOURCE_ID","PARENT_ID","URL","NAME","COMMENTS","NAVIGATE_URL","BUSINESS_URL","OTHER_URL","USE_FUNCTION","RESOURCE_IMG","RESOURCEKEY","SHOW_ORDER","RES_TYPE","MODULE_ID","SOURCE_FILE","CREATE_USER_ID","CREATE_USER_NAME","CREATE_TIME","UPDATE_USER_ID","UPDATE_USER_NAME","UPDATE_TIME","IS_SYSTEM","IS_DEFAULT") VALUES('83','2','/auth/user/unlockUser','解锁',null,null,null,null,null,null,null,83,'0',null,null,null,null,null,null,null,null,'0','1');
INSERT INTO "T_AUTH_RESOURCE"("RESOURCE_ID","PARENT_ID","URL","NAME","COMMENTS","NAVIGATE_URL","BUSINESS_URL","OTHER_URL","USE_FUNCTION","RESOURCE_IMG","RESOURCEKEY","SHOW_ORDER","RES_TYPE","MODULE_ID","SOURCE_FILE","CREATE_USER_ID","CREATE_USER_NAME","CREATE_TIME","UPDATE_USER_ID","UPDATE_USER_NAME","UPDATE_TIME","IS_SYSTEM","IS_DEFAULT") VALUES('84','2','/auth/user/openLookRoleDialog','查看角色',null,null,null,null,null,null,null,84,'0',null,null,null,null,null,null,null,null,'0','1');
INSERT INTO "T_AUTH_RESOURCE"("RESOURCE_ID","PARENT_ID","URL","NAME","COMMENTS","NAVIGATE_URL","BUSINESS_URL","OTHER_URL","USE_FUNCTION","RESOURCE_IMG","RESOURCEKEY","SHOW_ORDER","RES_TYPE","MODULE_ID","SOURCE_FILE","CREATE_USER_ID","CREATE_USER_NAME","CREATE_TIME","UPDATE_USER_ID","UPDATE_USER_NAME","UPDATE_TIME","IS_SYSTEM","IS_DEFAULT") VALUES('85','2','/auth/user/openLookOrgDialog','查看部门',null,null,null,null,null,null,null,85,'0',null,null,null,null,null,null,null,null,'0','1');
INSERT INTO "T_AUTH_RESOURCE"("RESOURCE_ID","PARENT_ID","URL","NAME","COMMENTS","NAVIGATE_URL","BUSINESS_URL","OTHER_URL","USE_FUNCTION","RESOURCE_IMG","RESOURCEKEY","SHOW_ORDER","RES_TYPE","MODULE_ID","SOURCE_FILE","CREATE_USER_ID","CREATE_USER_NAME","CREATE_TIME","UPDATE_USER_ID","UPDATE_USER_NAME","UPDATE_TIME","IS_SYSTEM","IS_DEFAULT") VALUES('86','2','/auth/user/lockUser','锁定',null,null,null,null,null,null,null,86,'0',null,null,null,null,null,null,null,null,'0','1');
INSERT INTO "T_AUTH_RESOURCE"("RESOURCE_ID","PARENT_ID","URL","NAME","COMMENTS","NAVIGATE_URL","BUSINESS_URL","OTHER_URL","USE_FUNCTION","RESOURCE_IMG","RESOURCEKEY","SHOW_ORDER","RES_TYPE","MODULE_ID","SOURCE_FILE","CREATE_USER_ID","CREATE_USER_NAME","CREATE_TIME","UPDATE_USER_ID","UPDATE_USER_NAME","UPDATE_TIME","IS_SYSTEM","IS_DEFAULT") VALUES('87','9','/auth/unitChange/getAllOrgTree','加载全组织树',null,null,null,null,null,null,null,87,'0',null,null,null,null,null,null,null,null,'0','1');
INSERT INTO "T_AUTH_RESOURCE"("RESOURCE_ID","PARENT_ID","URL","NAME","COMMENTS","NAVIGATE_URL","BUSINESS_URL","OTHER_URL","USE_FUNCTION","RESOURCE_IMG","RESOURCEKEY","SHOW_ORDER","RES_TYPE","MODULE_ID","SOURCE_FILE","CREATE_USER_ID","CREATE_USER_NAME","CREATE_TIME","UPDATE_USER_ID","UPDATE_USER_NAME","UPDATE_TIME","IS_SYSTEM","IS_DEFAULT") VALUES('88','-1','/auth/user/changeSelfPassword','修改个人密码',null,null,null,null,null,null,null,88,'0',null,null,null,null,null,null,null,null,'0','0');
INSERT INTO "T_AUTH_RESOURCE"("RESOURCE_ID","PARENT_ID","URL","NAME","COMMENTS","NAVIGATE_URL","BUSINESS_URL","OTHER_URL","USE_FUNCTION","RESOURCE_IMG","RESOURCEKEY","SHOW_ORDER","RES_TYPE","MODULE_ID","SOURCE_FILE","CREATE_USER_ID","CREATE_USER_NAME","CREATE_TIME","UPDATE_USER_ID","UPDATE_USER_NAME","UPDATE_TIME","IS_SYSTEM","IS_DEFAULT") VALUES('89','-1','/auth/user/update','修改个人资料',null,null,null,null,null,null,null,89,'0',null,null,null,null,null,null,null,null,'0','0');
INSERT INTO "T_AUTH_RESOURCE"("RESOURCE_ID","PARENT_ID","URL","NAME","COMMENTS","NAVIGATE_URL","BUSINESS_URL","OTHER_URL","USE_FUNCTION","RESOURCE_IMG","RESOURCEKEY","SHOW_ORDER","RES_TYPE","MODULE_ID","SOURCE_FILE","CREATE_USER_ID","CREATE_USER_NAME","CREATE_TIME","UPDATE_USER_ID","UPDATE_USER_NAME","UPDATE_TIME","IS_SYSTEM","IS_DEFAULT") VALUES('90','1','/auth/usergroup','用户组管理',null,null,null,null,null,null,null,90,'1',null,null,null,null,null,null,null,null,'0','1');
INSERT INTO "T_AUTH_RESOURCE"("RESOURCE_ID","PARENT_ID","URL","NAME","COMMENTS","NAVIGATE_URL","BUSINESS_URL","OTHER_URL","USE_FUNCTION","RESOURCE_IMG","RESOURCEKEY","SHOW_ORDER","RES_TYPE","MODULE_ID","SOURCE_FILE","CREATE_USER_ID","CREATE_USER_NAME","CREATE_TIME","UPDATE_USER_ID","UPDATE_USER_NAME","UPDATE_TIME","IS_SYSTEM","IS_DEFAULT") VALUES('91','90','/auth/usergroup/page','列表',null,null,null,null,null,null,null,91,'0',null,null,null,null,null,null,null,null,'0','1');
INSERT INTO "T_AUTH_RESOURCE"("RESOURCE_ID","PARENT_ID","URL","NAME","COMMENTS","NAVIGATE_URL","BUSINESS_URL","OTHER_URL","USE_FUNCTION","RESOURCE_IMG","RESOURCEKEY","SHOW_ORDER","RES_TYPE","MODULE_ID","SOURCE_FILE","CREATE_USER_ID","CREATE_USER_NAME","CREATE_TIME","UPDATE_USER_ID","UPDATE_USER_NAME","UPDATE_TIME","IS_SYSTEM","IS_DEFAULT") VALUES('92','90','/auth/usergroup/create','新增',null,null,null,null,null,null,null,92,'0',null,null,null,null,null,null,null,null,'0','1');
INSERT INTO "T_AUTH_RESOURCE"("RESOURCE_ID","PARENT_ID","URL","NAME","COMMENTS","NAVIGATE_URL","BUSINESS_URL","OTHER_URL","USE_FUNCTION","RESOURCE_IMG","RESOURCEKEY","SHOW_ORDER","RES_TYPE","MODULE_ID","SOURCE_FILE","CREATE_USER_ID","CREATE_USER_NAME","CREATE_TIME","UPDATE_USER_ID","UPDATE_USER_NAME","UPDATE_TIME","IS_SYSTEM","IS_DEFAULT") VALUES('93','90','/auth/usergroup/update','修改',null,null,null,null,null,null,null,93,'0',null,null,null,null,null,null,null,null,'0','1');
INSERT INTO "T_AUTH_RESOURCE"("RESOURCE_ID","PARENT_ID","URL","NAME","COMMENTS","NAVIGATE_URL","BUSINESS_URL","OTHER_URL","USE_FUNCTION","RESOURCE_IMG","RESOURCEKEY","SHOW_ORDER","RES_TYPE","MODULE_ID","SOURCE_FILE","CREATE_USER_ID","CREATE_USER_NAME","CREATE_TIME","UPDATE_USER_ID","UPDATE_USER_NAME","UPDATE_TIME","IS_SYSTEM","IS_DEFAULT") VALUES('94','90','/auth/usergroup/delete','删除',null,null,null,null,null,null,null,94,'0',null,null,null,null,null,null,null,null,'0','1');
INSERT INTO "T_AUTH_RESOURCE"("RESOURCE_ID","PARENT_ID","URL","NAME","COMMENTS","NAVIGATE_URL","BUSINESS_URL","OTHER_URL","USE_FUNCTION","RESOURCE_IMG","RESOURCEKEY","SHOW_ORDER","RES_TYPE","MODULE_ID","SOURCE_FILE","CREATE_USER_ID","CREATE_USER_NAME","CREATE_TIME","UPDATE_USER_ID","UPDATE_USER_NAME","UPDATE_TIME","IS_SYSTEM","IS_DEFAULT") VALUES('95','90','/auth/usergroup/getUserPage','用户列表',null,null,null,null,null,null,null,95,'0',null,null,null,null,null,null,null,null,'0','1');
INSERT INTO "T_AUTH_RESOURCE"("RESOURCE_ID","PARENT_ID","URL","NAME","COMMENTS","NAVIGATE_URL","BUSINESS_URL","OTHER_URL","USE_FUNCTION","RESOURCE_IMG","RESOURCEKEY","SHOW_ORDER","RES_TYPE","MODULE_ID","SOURCE_FILE","CREATE_USER_ID","CREATE_USER_NAME","CREATE_TIME","UPDATE_USER_ID","UPDATE_USER_NAME","UPDATE_TIME","IS_SYSTEM","IS_DEFAULT") VALUES('96','90','/auth/usergroup/addUser','添加用户',null,null,null,null,null,null,null,96,'0',null,null,null,null,null,null,null,null,'0','1');
INSERT INTO "T_AUTH_RESOURCE"("RESOURCE_ID","PARENT_ID","URL","NAME","COMMENTS","NAVIGATE_URL","BUSINESS_URL","OTHER_URL","USE_FUNCTION","RESOURCE_IMG","RESOURCEKEY","SHOW_ORDER","RES_TYPE","MODULE_ID","SOURCE_FILE","CREATE_USER_ID","CREATE_USER_NAME","CREATE_TIME","UPDATE_USER_ID","UPDATE_USER_NAME","UPDATE_TIME","IS_SYSTEM","IS_DEFAULT") VALUES('97','90','/auth/usergroup/removeUser','移除用户',null,null,null,null,null,null,null,97,'0',null,null,null,null,null,null,null,null,'0','1');
INSERT INTO "T_AUTH_RESOURCE"("RESOURCE_ID","PARENT_ID","URL","NAME","COMMENTS","NAVIGATE_URL","BUSINESS_URL","OTHER_URL","USE_FUNCTION","RESOURCE_IMG","RESOURCEKEY","SHOW_ORDER","RES_TYPE","MODULE_ID","SOURCE_FILE","CREATE_USER_ID","CREATE_USER_NAME","CREATE_TIME","UPDATE_USER_ID","UPDATE_USER_NAME","UPDATE_TIME","IS_SYSTEM","IS_DEFAULT") VALUES('98','-1','/auth/user/load','加载个人资料',null,null,null,null,null,null,null,98,'0',null,null,null,null,null,null,null,null,'0','0');
INSERT INTO "T_AUTH_RESOURCE"("RESOURCE_ID","PARENT_ID","URL","NAME","COMMENTS","NAVIGATE_URL","BUSINESS_URL","OTHER_URL","USE_FUNCTION","RESOURCE_IMG","RESOURCEKEY","SHOW_ORDER","RES_TYPE","MODULE_ID","SOURCE_FILE","CREATE_USER_ID","CREATE_USER_NAME","CREATE_TIME","UPDATE_USER_ID","UPDATE_USER_NAME","UPDATE_TIME","IS_SYSTEM","IS_DEFAULT") VALUES('99','-1','/auth/user/upload','上传个人头像',null,null,null,null,null,null,null,99,'0',null,null,null,null,null,null,null,null,'0','0');
INSERT INTO "T_AUTH_RESOURCE"("RESOURCE_ID","PARENT_ID","URL","NAME","COMMENTS","NAVIGATE_URL","BUSINESS_URL","OTHER_URL","USE_FUNCTION","RESOURCE_IMG","RESOURCEKEY","SHOW_ORDER","RES_TYPE","MODULE_ID","SOURCE_FILE","CREATE_USER_ID","CREATE_USER_NAME","CREATE_TIME","UPDATE_USER_ID","UPDATE_USER_NAME","UPDATE_TIME","IS_SYSTEM","IS_DEFAULT") VALUES('100','8','/auth/code/moveCode','移动编码',null,null,null,null,null,null,null,100,'0',null,null,null,null,null,null,null,null,'0','1');

INSERT INTO "T_AUTH_ORG"("ORGANIZE_ID","PARENT_ID","ORGANIZE_NAME","COMMENTS","SHOW_ORDER","ABBREVIATION","ORGANIZE_CODE","FLAG1","FLAG2","FLAG3","FLAG4","FLAG5","FLAG6","FLAG7","FLAG8","FLAG9","FLAG10","ORGANIZE_TYPE_ID","STATUS","UNIT_ID","CREATE_USER_ID","CREATE_USER_NAME","CREATE_TIME","UPDATE_USER_ID","UPDATE_USER_NAME","UPDATE_TIME","IS_SYSTEM") VALUES('-1',null,'组织机构','组织根结点',1,null,'-1',null,null,null,null,null,null,null,null,null,null,-1,'0','-1',null,null,null,null,null,null,'0');

INSERT INTO "T_AUTH_GENERATOR"("ID","NAME","PREFIX","SYS_NUMBER","SUFFIX") VALUES('1','工号生成规则','A',10000,'');

ALTER TABLE "T_AUTH_CODE" ADD CONSTRAINT "AUTH_CODE_ID" PRIMARY KEY("ID");

ALTER TABLE "T_AUTH_USER_UG" ADD CONSTRAINT "AUTH_USER_UG_ID" PRIMARY KEY("ID");

ALTER TABLE "T_AUTH_USERGROUP" ADD CONSTRAINT "AUTH_USERGROUP_ID" PRIMARY KEY("ID");

ALTER TABLE "T_AUTH_USER" ADD CONSTRAINT "AUTH_USER_ID" PRIMARY KEY("USER_ID");

ALTER TABLE "T_AUTH_SYSLOG" ADD CONSTRAINT "AUTH_SYSLOG_ID" PRIMARY KEY("ID");

ALTER TABLE "T_AUTH_ROLE_USER" ADD CONSTRAINT "AUTH_ROLE_USER_ID" PRIMARY KEY("ROLE_USER_ID");

ALTER TABLE "T_AUTH_ROLE_RESOURCE" ADD CONSTRAINT "AUTH_ROLE_RESOURCE_ID" PRIMARY KEY("ROLE_RESOURCE_ID");

ALTER TABLE "T_AUTH_ROLECLASSIFICATION" ADD CONSTRAINT "AUTH_ROLECLASSIFICATION_ID" PRIMARY KEY("ROLECLASSIFICATION_ID");

ALTER TABLE "T_AUTH_ROLE" ADD CONSTRAINT "AUTH_ROLE_ID" PRIMARY KEY("ROLE_ID");

ALTER TABLE "T_AUTH_RESOURCE" ADD CONSTRAINT "AUTH_RESOURCE_ID" PRIMARY KEY("RESOURCE_ID");

ALTER TABLE "T_AUTH_ORG_USER" ADD CONSTRAINT "AUTH_ORG_USER_ID" PRIMARY KEY("ORG_USER_ID");

ALTER TABLE "T_AUTH_ORG" ADD CONSTRAINT "AUTH_ORG_ID" PRIMARY KEY("ORGANIZE_ID");

ALTER TABLE "T_AUTH_OPERATELOG" ADD CONSTRAINT "AUTH_OPERATELOG_ID" PRIMARY KEY("ID");

ALTER TABLE "T_AUTH_GENERATOR" ADD CONSTRAINT "AUTH_GENERATOR_ID" PRIMARY KEY("ID");

COMMENT ON TABLE "T_AUTH_CODE" IS '编码表';

COMMENT ON COLUMN "T_AUTH_CODE"."ID" IS 'id';

COMMENT ON COLUMN "T_AUTH_CODE"."NAME" IS '编码名称';

COMMENT ON COLUMN "T_AUTH_CODE"."CODE" IS '编码值';

COMMENT ON COLUMN "T_AUTH_CODE"."SHOW_ORDER" IS '排序号';

COMMENT ON COLUMN "T_AUTH_CODE"."COMMENTS" IS '备注';

COMMENT ON COLUMN "T_AUTH_CODE"."UNIT_ID" IS '单位ID';

COMMENT ON COLUMN "T_AUTH_CODE"."STATUS" IS '是否有效, 0:有效,1无效';

COMMENT ON COLUMN "T_AUTH_CODE"."IS_SYSTEM" IS '是否是系统内置, 0:是, 1不是';

COMMENT ON COLUMN "T_AUTH_CODE"."UPDATE_USER_ID" IS '修改人id';

COMMENT ON COLUMN "T_AUTH_CODE"."UPDATE_USER_NAME" IS '修改人名称';

COMMENT ON COLUMN "T_AUTH_CODE"."UPDATE_TIME" IS '修改时间';

COMMENT ON COLUMN "T_AUTH_CODE"."CREATE_USER_ID" IS '创建人id';

COMMENT ON COLUMN "T_AUTH_CODE"."CREATE_USER_NAME" IS '创建人名称';

COMMENT ON COLUMN "T_AUTH_CODE"."CREATE_TIME" IS '创建时间';

COMMENT ON COLUMN "T_AUTH_CODE"."PARENT_ID" IS '父ID';

COMMENT ON COLUMN "T_AUTH_CODE"."PARENT_CODE" IS '父CODE';

COMMENT ON TABLE "T_AUTH_USER_UG" IS '用户和用户组的关联表';

COMMENT ON COLUMN "T_AUTH_USER_UG"."USER_ID" IS '用户ID';

COMMENT ON COLUMN "T_AUTH_USER_UG"."USERGROUP_ID" IS '用户组ID';

COMMENT ON COLUMN "T_AUTH_USER_UG"."UNIT_ID" IS '单位ID';

COMMENT ON TABLE "T_AUTH_VERSION" IS '版本号表';

COMMENT ON COLUMN "T_AUTH_VERSION"."VERSION" IS '版本号';

COMMENT ON TABLE "T_AUTH_USERGROUP" IS '用户组';

COMMENT ON COLUMN "T_AUTH_USERGROUP"."NAME" IS '用户组名';

COMMENT ON COLUMN "T_AUTH_USERGROUP"."USERGROUP_CODE" IS '用户组编码';

COMMENT ON COLUMN "T_AUTH_USERGROUP"."SHOW_ORDER" IS '排序号';

COMMENT ON COLUMN "T_AUTH_USERGROUP"."CREATE_USER_ID" IS '创建人ID';

COMMENT ON COLUMN "T_AUTH_USERGROUP"."CREATE_USER_NAME" IS '创建人姓名';

COMMENT ON COLUMN "T_AUTH_USERGROUP"."CREATE_TIME" IS '创建时间';

COMMENT ON COLUMN "T_AUTH_USERGROUP"."UPDATE_USER_ID" IS '更新人ID';

COMMENT ON COLUMN "T_AUTH_USERGROUP"."UPDATE_USER_NAME" IS '更新人姓名';

COMMENT ON COLUMN "T_AUTH_USERGROUP"."UPDATE_TIME" IS '更新时间';

COMMENT ON COLUMN "T_AUTH_USERGROUP"."UNIT_ID" IS '单位ID';

COMMENT ON COLUMN "T_AUTH_USERGROUP"."IS_SYSTEM" IS '是否系统内置,0:是,1:否';

COMMENT ON TABLE "T_AUTH_USER" IS '用户表';

COMMENT ON COLUMN "T_AUTH_USER"."LOGIN_NAME" IS '登录名';

COMMENT ON COLUMN "T_AUTH_USER"."PASSWORD" IS '密码';

COMMENT ON COLUMN "T_AUTH_USER"."USER_NAME" IS '用户名';

COMMENT ON COLUMN "T_AUTH_USER"."FLAG_ACTION" IS '0 : 未锁定, 1 : 锁定';

COMMENT ON COLUMN "T_AUTH_USER"."EMAIL" IS '邮箱';

COMMENT ON COLUMN "T_AUTH_USER"."MOBILE" IS '手机';

COMMENT ON COLUMN "T_AUTH_USER"."TITLE" IS '头衔';

COMMENT ON COLUMN "T_AUTH_USER"."SHOW_ORDER" IS '排序号';

COMMENT ON COLUMN "T_AUTH_USER"."COMMENTS" IS '备注';

COMMENT ON COLUMN "T_AUTH_USER"."STATION" IS '职位';

COMMENT ON COLUMN "T_AUTH_USER"."STATUS" IS '0 : 在职, 1 : 离职';

COMMENT ON COLUMN "T_AUTH_USER"."JOB_NO" IS '工号';

COMMENT ON COLUMN "T_AUTH_USER"."LAST_LOGIN_DATE" IS '最后登录时间';

COMMENT ON COLUMN "T_AUTH_USER"."LAST_MODIFY_PSD" IS '最后修改密码时间';

COMMENT ON COLUMN "T_AUTH_USER"."TELEPHONE" IS '固定电话';

COMMENT ON COLUMN "T_AUTH_USER"."ABBR" IS '简称';

COMMENT ON COLUMN "T_AUTH_USER"."CARD_NO" IS '身份证号';

COMMENT ON COLUMN "T_AUTH_USER"."SEX" IS '0:女, 1:男';

COMMENT ON COLUMN "T_AUTH_USER"."AGE" IS '年龄';

COMMENT ON COLUMN "T_AUTH_USER"."BIRTHDAY" IS '生日';

COMMENT ON COLUMN "T_AUTH_USER"."URLPATH" IS '头像路径';

COMMENT ON COLUMN "T_AUTH_USER"."USER_ID" IS '用户id';

COMMENT ON COLUMN "T_AUTH_USER"."UNIT_ID" IS '单位ID';

COMMENT ON COLUMN "T_AUTH_USER"."IS_ADMIN" IS '0:是, 1:不是';

COMMENT ON COLUMN "T_AUTH_USER"."UPDATE_USER_ID" IS '修改人id';

COMMENT ON COLUMN "T_AUTH_USER"."UPDATE_USER_NAME" IS '修改人名称';

COMMENT ON COLUMN "T_AUTH_USER"."UPDATE_TIME" IS '修改时间';

COMMENT ON COLUMN "T_AUTH_USER"."CREATE_USER_ID" IS '创建人id';

COMMENT ON COLUMN "T_AUTH_USER"."CREATE_USER_NAME" IS '创建人名称';

COMMENT ON COLUMN "T_AUTH_USER"."CREATE_TIME" IS '创建时间';

COMMENT ON COLUMN "T_AUTH_USER"."ON_JOB_DATE" IS '入职时间';

COMMENT ON COLUMN "T_AUTH_USER"."OFF_JOB_DATE" IS '离职时间';

COMMENT ON COLUMN "T_AUTH_USER"."IS_SECOND_ON_JOB" IS '是否第二次入职';

COMMENT ON COLUMN "T_AUTH_USER"."POLITICAL" IS '政治面貌';

COMMENT ON COLUMN "T_AUTH_USER"."IS_SYSTEM" IS '是否系统内置, 0:是, 1:否';

COMMENT ON TABLE "T_AUTH_SYSLOG" IS '登录日志表';

COMMENT ON COLUMN "T_AUTH_SYSLOG"."STATUS" IS '0: 成功, 1:失败';

COMMENT ON COLUMN "T_AUTH_SYSLOG"."UNIT_ID" IS '单位ID';

COMMENT ON COLUMN "T_AUTH_SYSLOG"."USER_ID" IS '用户ID';

COMMENT ON COLUMN "T_AUTH_SYSLOG"."USER_NAME" IS '用户名';

COMMENT ON COLUMN "T_AUTH_SYSLOG"."LOG_DATE" IS '登录时间';

COMMENT ON TABLE "T_AUTH_ROLE_USER" IS '角色用户关系表';

COMMENT ON COLUMN "T_AUTH_ROLE_USER"."UNIT_ID" IS '单位id';

COMMENT ON COLUMN "T_AUTH_ROLE_USER"."ROLE_ID" IS '角色ID';

COMMENT ON COLUMN "T_AUTH_ROLE_USER"."USER_ID" IS '用户ID';

COMMENT ON COLUMN "T_AUTH_ROLE_USER"."ROLE_USER_ID" IS 'id';

COMMENT ON COLUMN "T_AUTH_ROLE_USER"."IS_TEMP_ACCREDIT" IS '是否临时授权, 0:是,1:否';

COMMENT ON COLUMN "T_AUTH_ROLE_USER"."TEMP_ACCREDIT_DATE_START" IS '临时授权开始时间';

COMMENT ON COLUMN "T_AUTH_ROLE_USER"."TEMP_ACCREDIT_DATE_END" IS '临时授权结束时间';

COMMENT ON TABLE "T_AUTH_ROLE_RESOURCE" IS '角色资源关系表';

COMMENT ON COLUMN "T_AUTH_ROLE_RESOURCE"."ROLE_ID" IS '角色ID';

COMMENT ON COLUMN "T_AUTH_ROLE_RESOURCE"."RESOURCE_ID" IS '资源ID';

COMMENT ON COLUMN "T_AUTH_ROLE_RESOURCE"."UNIT_ID" IS '单位ID';

COMMENT ON COLUMN "T_AUTH_ROLE_RESOURCE"."ROLE_RESOURCE_ID" IS 'ID';

COMMENT ON TABLE "T_AUTH_ROLECLASSIFICATION" IS '角色分类表';

COMMENT ON COLUMN "T_AUTH_ROLECLASSIFICATION"."NAME" IS '角色分类名称';

COMMENT ON COLUMN "T_AUTH_ROLECLASSIFICATION"."ROLECLASS_KEY" IS '角色分类值';

COMMENT ON COLUMN "T_AUTH_ROLECLASSIFICATION"."COMMENTS" IS '备注';

COMMENT ON COLUMN "T_AUTH_ROLECLASSIFICATION"."SHOW_ORDER" IS '排序号';

COMMENT ON COLUMN "T_AUTH_ROLECLASSIFICATION"."UNIT_ID" IS '单位ID';

COMMENT ON COLUMN "T_AUTH_ROLECLASSIFICATION"."UPDATE_USER_ID" IS '修改人id';

COMMENT ON COLUMN "T_AUTH_ROLECLASSIFICATION"."UPDATE_USER_NAME" IS '修改人名称';

COMMENT ON COLUMN "T_AUTH_ROLECLASSIFICATION"."UPDATE_TIME" IS '修改时间';

COMMENT ON COLUMN "T_AUTH_ROLECLASSIFICATION"."CREATE_USER_ID" IS '创建人id';

COMMENT ON COLUMN "T_AUTH_ROLECLASSIFICATION"."CREATE_USER_NAME" IS '创建人名称';

COMMENT ON COLUMN "T_AUTH_ROLECLASSIFICATION"."CREATE_TIME" IS '创建时间';

COMMENT ON COLUMN "T_AUTH_ROLECLASSIFICATION"."IS_SYSTEM" IS '是否系统内置,0:是,1:否';

COMMENT ON TABLE "T_AUTH_ROLE" IS '角色表';

COMMENT ON COLUMN "T_AUTH_ROLE"."ROLE_ID" IS '角色ID';

COMMENT ON COLUMN "T_AUTH_ROLE"."ROLE_NAME" IS '角色名称';

COMMENT ON COLUMN "T_AUTH_ROLE"."COMMENTS" IS '备注';

COMMENT ON COLUMN "T_AUTH_ROLE"."ROLE_KEY" IS '角色值';

COMMENT ON COLUMN "T_AUTH_ROLE"."SHOW_ORDER" IS '排序号';

COMMENT ON COLUMN "T_AUTH_ROLE"."ROLECLASSIFICATION_ID" IS '角色分类ID';

COMMENT ON COLUMN "T_AUTH_ROLE"."UNIT_ID" IS '单位ID';

COMMENT ON COLUMN "T_AUTH_ROLE"."UPDATE_USER_ID" IS '修改人id';

COMMENT ON COLUMN "T_AUTH_ROLE"."UPDATE_USER_NAME" IS '修改人名称';

COMMENT ON COLUMN "T_AUTH_ROLE"."UPDATE_TIME" IS '修改时间';

COMMENT ON COLUMN "T_AUTH_ROLE"."CREATE_USER_ID" IS '创建人id';

COMMENT ON COLUMN "T_AUTH_ROLE"."CREATE_USER_NAME" IS '创建人名称';

COMMENT ON COLUMN "T_AUTH_ROLE"."CREATE_TIME" IS '创建时间';

COMMENT ON COLUMN "T_AUTH_ROLE"."IS_SYSTEM" IS '是否系统内置,0:是,1:否';

COMMENT ON TABLE "T_AUTH_RESOURCE" IS '资源表';

COMMENT ON COLUMN "T_AUTH_RESOURCE"."RESOURCE_ID" IS '资源ID';

COMMENT ON COLUMN "T_AUTH_RESOURCE"."PARENT_ID" IS '父ID';

COMMENT ON COLUMN "T_AUTH_RESOURCE"."URL" IS '资源url';

COMMENT ON COLUMN "T_AUTH_RESOURCE"."NAME" IS '资源名称';

COMMENT ON COLUMN "T_AUTH_RESOURCE"."COMMENTS" IS '备注';

COMMENT ON COLUMN "T_AUTH_RESOURCE"."USE_FUNCTION" IS '触发方法';

COMMENT ON COLUMN "T_AUTH_RESOURCE"."RESOURCE_IMG" IS '资源图标';

COMMENT ON COLUMN "T_AUTH_RESOURCE"."RESOURCEKEY" IS '资源值';

COMMENT ON COLUMN "T_AUTH_RESOURCE"."SHOW_ORDER" IS '排序号';

COMMENT ON COLUMN "T_AUTH_RESOURCE"."UPDATE_USER_ID" IS '修改人id';

COMMENT ON COLUMN "T_AUTH_RESOURCE"."UPDATE_USER_NAME" IS '修改人名称';

COMMENT ON COLUMN "T_AUTH_RESOURCE"."UPDATE_TIME" IS '修改时间';

COMMENT ON COLUMN "T_AUTH_RESOURCE"."CREATE_USER_ID" IS '创建人id';

COMMENT ON COLUMN "T_AUTH_RESOURCE"."CREATE_USER_NAME" IS '创建人名称';

COMMENT ON COLUMN "T_AUTH_RESOURCE"."CREATE_TIME" IS '创建时间';

COMMENT ON COLUMN "T_AUTH_RESOURCE"."RES_TYPE" IS '资源类型,0:按钮,1:菜单,2:系统';

COMMENT ON COLUMN "T_AUTH_RESOURCE"."IS_SYSTEM" IS '是否系统内置, 0:是,1:否';

COMMENT ON COLUMN "T_AUTH_RESOURCE"."IS_DEFAULT" IS '是否默认资源, 0:是,1:否, 是默认资源即角色创建后自动授予该资源';

COMMENT ON TABLE "T_AUTH_ORG_USER" IS '组织用户关系表';

COMMENT ON COLUMN "T_AUTH_ORG_USER"."USER_ID" IS '用户ID';

COMMENT ON COLUMN "T_AUTH_ORG_USER"."ORGANIZE_ID" IS '组织ID';

COMMENT ON COLUMN "T_AUTH_ORG_USER"."USERTYPE" IS '0:专职, 1:兼职';

COMMENT ON COLUMN "T_AUTH_ORG_USER"."ORG_USER_ID" IS '组织用户ID';

COMMENT ON COLUMN "T_AUTH_ORG_USER"."UNIT_ID" IS '单位ID';

COMMENT ON TABLE "T_AUTH_ORG" IS '组织表';

COMMENT ON COLUMN "T_AUTH_ORG"."ORGANIZE_ID" IS '组织ID';

COMMENT ON COLUMN "T_AUTH_ORG"."PARENT_ID" IS '父组织ID';

COMMENT ON COLUMN "T_AUTH_ORG"."ORGANIZE_NAME" IS '组织名称';

COMMENT ON COLUMN "T_AUTH_ORG"."COMMENTS" IS '备注';

COMMENT ON COLUMN "T_AUTH_ORG"."SHOW_ORDER" IS '排序号';

COMMENT ON COLUMN "T_AUTH_ORG"."ABBREVIATION" IS '简称';

COMMENT ON COLUMN "T_AUTH_ORG"."ORGANIZE_CODE" IS '组织代码';

COMMENT ON COLUMN "T_AUTH_ORG"."ORGANIZE_TYPE_ID" IS '1: 部门, 2: 单位';

COMMENT ON COLUMN "T_AUTH_ORG"."STATUS" IS '0: 没删除, 1: 已删除';

COMMENT ON COLUMN "T_AUTH_ORG"."UNIT_ID" IS '单位id';

COMMENT ON COLUMN "T_AUTH_ORG"."CREATE_USER_ID" IS '创建人id';

COMMENT ON COLUMN "T_AUTH_ORG"."CREATE_USER_NAME" IS '创建人名称';

COMMENT ON COLUMN "T_AUTH_ORG"."CREATE_TIME" IS '创建时间';

COMMENT ON COLUMN "T_AUTH_ORG"."UPDATE_USER_ID" IS '修改人id';

COMMENT ON COLUMN "T_AUTH_ORG"."UPDATE_USER_NAME" IS '修改人名称';

COMMENT ON COLUMN "T_AUTH_ORG"."UPDATE_TIME" IS '修改时间';

COMMENT ON COLUMN "T_AUTH_ORG"."IS_SYSTEM" IS '是否系统内置,0:是,1:否';

COMMENT ON TABLE "T_AUTH_OPERATELOG" IS '操作日志表';

COMMENT ON COLUMN "T_AUTH_OPERATELOG"."LOG_DATE" IS '操作时间';

COMMENT ON TABLE "T_AUTH_ID_SEQUENCE" IS '序列表';

COMMENT ON TABLE "T_AUTH_GENERATOR" IS '自动生成规则表';

COMMENT ON COLUMN "T_AUTH_GENERATOR"."ID" IS 'id';

COMMENT ON COLUMN "T_AUTH_GENERATOR"."NAME" IS '名称';

COMMENT ON COLUMN "T_AUTH_GENERATOR"."PREFIX" IS '前缀';

COMMENT ON COLUMN "T_AUTH_GENERATOR"."SUFFIX" IS '后缀';

COMMENT ON COLUMN "T_AUTH_GENERATOR"."SYS_NUMBER" IS '号码';

